[     287ms] [INFO] %cDownload the React DevTools for a better development experience: https://react.dev/link/react-devtools font-weight:bold @ http://localhost:3000/_next/static/chunks/node_modules_next_dist_1e8vcs8._.js:776
[     308ms] [LOG] [HMR] connected @ http://localhost:3000/_next/static/chunks/node_modules_next_dist_1e8vcs8._.js:776
[  118549ms] [LOG] [Fast Refresh] rebuilding @ http://localhost:3000/_next/static/chunks/node_modules_next_dist_1e8vcs8._.js:776
[  119624ms] [LOG] [Fast Refresh] done in 1146ms @ http://localhost:3000/_next/static/chunks/node_modules_next_dist_1e8vcs8._.js:776
[  119671ms] [LOG] [Fast Refresh] done in 1146ms @ http://localhost:3000/_next/static/chunks/node_modules_next_dist_1e8vcs8._.js:776
[  119733ms] [LOG] [Fast Refresh] done in 1146ms @ http://localhost:3000/_next/static/chunks/node_modules_next_dist_1e8vcs8._.js:776
[  119772ms] [LOG] [Fast Refresh] done in 1146ms @ http://localhost:3000/_next/static/chunks/node_modules_next_dist_1e8vcs8._.js:776
[  119822ms] [LOG] [Fast Refresh] done in 1146ms @ http://localhost:3000/_next/static/chunks/node_modules_next_dist_1e8vcs8._.js:776
[  119866ms] [LOG] [Fast Refresh] done in 1146ms @ http://localhost:3000/_next/static/chunks/node_modules_next_dist_1e8vcs8._.js:776
[  119910ms] [LOG] [Fast Refresh] done in 1146ms @ http://localhost:3000/_next/static/chunks/node_modules_next_dist_1e8vcs8._.js:776
[  119953ms] [LOG] [Fast Refresh] done in 1146ms @ http://localhost:3000/_next/static/chunks/node_modules_next_dist_1e8vcs8._.js:776
[  120005ms] [LOG] [Fast Refresh] done in 1146ms @ http://localhost:3000/_next/static/chunks/node_modules_next_dist_1e8vcs8._.js:776
[  120044ms] [LOG] [Fast Refresh] done in 1146ms @ http://localhost:3000/_next/static/chunks/node_modules_next_dist_1e8vcs8._.js:776
[  120088ms] [LOG] [Fast Refresh] done in 1146ms @ http://localhost:3000/_next/static/chunks/node_modules_next_dist_1e8vcs8._.js:776
[  120128ms] [LOG] [Fast Refresh] done in 1146ms @ http://localhost:3000/_next/static/chunks/node_modules_next_dist_1e8vcs8._.js:776
[  120188ms] [LOG] [Fast Refresh] done in 1146ms @ http://localhost:3000/_next/static/chunks/node_modules_next_dist_1e8vcs8._.js:776
[  120250ms] [LOG] [Fast Refresh] done in 1146ms @ http://localhost:3000/_next/static/chunks/node_modules_next_dist_1e8vcs8._.js:776
[  120309ms] [LOG] [Fast Refresh] done in 1146ms @ http://localhost:3000/_next/static/chunks/node_modules_next_dist_1e8vcs8._.js:776
[  120371ms] [LOG] [Fast Refresh] done in 1146ms @ http://localhost:3000/_next/static/chunks/node_modules_next_dist_1e8vcs8._.js:776
[  120426ms] [LOG] [Fast Refresh] done in 1146ms @ http://localhost:3000/_next/static/chunks/node_modules_next_dist_1e8vcs8._.js:776
[  120474ms] [LOG] [Fast Refresh] done in 1146ms @ http://localhost:3000/_next/static/chunks/node_modules_next_dist_1e8vcs8._.js:776
[  120528ms] [LOG] [Fast Refresh] done in 1146ms @ http://localhost:3000/_next/static/chunks/node_modules_next_dist_1e8vcs8._.js:776
[  120570ms] [LOG] [Fast Refresh] done in 1146ms @ http://localhost:3000/_next/static/chunks/node_modules_next_dist_1e8vcs8._.js:776
[  120633ms] [LOG] [Fast Refresh] done in 1146ms @ http://localhost:3000/_next/static/chunks/node_modules_next_dist_1e8vcs8._.js:776
[  120675ms] [LOG] [Fast Refresh] done in 1146ms @ http://localhost:3000/_next/static/chunks/node_modules_next_dist_1e8vcs8._.js:776
[  120726ms] [LOG] [Fast Refresh] done in 1146ms @ http://localhost:3000/_next/static/chunks/node_modules_next_dist_1e8vcs8._.js:776
[  120774ms] [LOG] [Fast Refresh] done in 1146ms @ http://localhost:3000/_next/static/chunks/node_modules_next_dist_1e8vcs8._.js:776
[  120825ms] [LOG] [Fast Refresh] done in 1146ms @ http://localhost:3000/_next/static/chunks/node_modules_next_dist_1e8vcs8._.js:776
[  120878ms] [LOG] [Fast Refresh] done in 1146ms @ http://localhost:3000/_next/static/chunks/node_modules_next_dist_1e8vcs8._.js:776
[  120920ms] [LOG] [Fast Refresh] done in 1146ms @ http://localhost:3000/_next/static/chunks/node_modules_next_dist_1e8vcs8._.js:776
[  120977ms] [LOG] [Fast Refresh] done in 1146ms @ http://localhost:3000/_next/static/chunks/node_modules_next_dist_1e8vcs8._.js:776
[  121032ms] [LOG] [Fast Refresh] done in 1146ms @ http://localhost:3000/_next/static/chunks/node_modules_next_dist_1e8vcs8._.js:776
[  121070ms] [LOG] [Fast Refresh] done in 1146ms @ http://localhost:3000/_next/static/chunks/node_modules_next_dist_1e8vcs8._.js:776
[  121119ms] [LOG] [Fast Refresh] done in 1146ms @ http://localhost:3000/_next/static/chunks/node_modules_next_dist_1e8vcs8._.js:776
[  121170ms] [LOG] [Fast Refresh] done in 1146ms @ http://localhost:3000/_next/static/chunks/node_modules_next_dist_1e8vcs8._.js:776
[  121227ms] [LOG] [Fast Refresh] done in 1146ms @ http://localhost:3000/_next/static/chunks/node_modules_next_dist_1e8vcs8._.js:776
[  121271ms] [LOG] [Fast Refresh] done in 1146ms @ http://localhost:3000/_next/static/chunks/node_modules_next_dist_1e8vcs8._.js:776
[  121319ms] [LOG] [Fast Refresh] done in 1146ms @ http://localhost:3000/_next/static/chunks/node_modules_next_dist_1e8vcs8._.js:776
[  121375ms] [LOG] [Fast Refresh] done in 1146ms @ http://localhost:3000/_next/static/chunks/node_modules_next_dist_1e8vcs8._.js:776
[  121417ms] [LOG] [Fast Refresh] done in 1146ms @ http://localhost:3000/_next/static/chunks/node_modules_next_dist_1e8vcs8._.js:776
[  121594ms] [LOG] [Fast Refresh] done in 1146ms @ http://localhost:3000/_next/static/chunks/node_modules_next_dist_1e8vcs8._.js:776
[  121649ms] [LOG] [Fast Refresh] done in 1146ms @ http://localhost:3000/_next/static/chunks/node_modules_next_dist_1e8vcs8._.js:776
[  121696ms] [LOG] [Fast Refresh] done in 1146ms @ http://localhost:3000/_next/static/chunks/node_modules_next_dist_1e8vcs8._.js:776
[  121738ms] [LOG] [Fast Refresh] done in 1146ms @ http://localhost:3000/_next/static/chunks/node_modules_next_dist_1e8vcs8._.js:776
[  121787ms] [LOG] [Fast Refresh] done in 1146ms @ http://localhost:3000/_next/static/chunks/node_modules_next_dist_1e8vcs8._.js:776
[  121844ms] [LOG] [Fast Refresh] done in 1146ms @ http://localhost:3000/_next/static/chunks/node_modules_next_dist_1e8vcs8._.js:776
[  121891ms] [LOG] [Fast Refresh] done in 1146ms @ http://localhost:3000/_next/static/chunks/node_modules_next_dist_1e8vcs8._.js:776
[  121943ms] [LOG] [Fast Refresh] done in 1146ms @ http://localhost:3000/_next/static/chunks/node_modules_next_dist_1e8vcs8._.js:776
[  121991ms] [LOG] [Fast Refresh] done in 1146ms @ http://localhost:3000/_next/static/chunks/node_modules_next_dist_1e8vcs8._.js:776
[  122042ms] [LOG] [Fast Refresh] done in 1146ms @ http://localhost:3000/_next/static/chunks/node_modules_next_dist_1e8vcs8._.js:776
[  122083ms] [LOG] [Fast Refresh] done in 1146ms @ http://localhost:3000/_next/static/chunks/node_modules_next_dist_1e8vcs8._.js:776
[  122137ms] [LOG] [Fast Refresh] done in 1146ms @ http://localhost:3000/_next/static/chunks/node_modules_next_dist_1e8vcs8._.js:776
[  122201ms] [LOG] [Fast Refresh] done in 1146ms @ http://localhost:3000/_next/static/chunks/node_modules_next_dist_1e8vcs8._.js:776
[  122260ms] [LOG] [Fast Refresh] done in 1146ms @ http://localhost:3000/_next/static/chunks/node_modules_next_dist_1e8vcs8._.js:776
[  122324ms] [LOG] [Fast Refresh] done in 1146ms @ http://localhost:3000/_next/static/chunks/node_modules_next_dist_1e8vcs8._.js:776
[  122370ms] [LOG] [Fast Refresh] done in 1146ms @ http://localhost:3000/_next/static/chunks/node_modules_next_dist_1e8vcs8._.js:776
[  122413ms] [LOG] [Fast Refresh] done in 1146ms @ http://localhost:3000/_next/static/chunks/node_modules_next_dist_1e8vcs8._.js:776
[  122462ms] [LOG] [Fast Refresh] done in 1146ms @ http://localhost:3000/_next/static/chunks/node_modules_next_dist_1e8vcs8._.js:776
[  122520ms] [LOG] [Fast Refresh] done in 1146ms @ http://localhost:3000/_next/static/chunks/node_modules_next_dist_1e8vcs8._.js:776
[  122576ms] [LOG] [Fast Refresh] done in 1146ms @ http://localhost:3000/_next/static/chunks/node_modules_next_dist_1e8vcs8._.js:776
[  122628ms] [LOG] [Fast Refresh] done in 1146ms @ http://localhost:3000/_next/static/chunks/node_modules_next_dist_1e8vcs8._.js:776
[  122677ms] [LOG] [Fast Refresh] done in 1146ms @ http://localhost:3000/_next/static/chunks/node_modules_next_dist_1e8vcs8._.js:776
[  122724ms] [LOG] [Fast Refresh] done in 1146ms @ http://localhost:3000/_next/static/chunks/node_modules_next_dist_1e8vcs8._.js:776
[  122774ms] [LOG] [Fast Refresh] done in 1146ms @ http://localhost:3000/_next/static/chunks/node_modules_next_dist_1e8vcs8._.js:776
[  122825ms] [LOG] [Fast Refresh] done in 1146ms @ http://localhost:3000/_next/static/chunks/node_modules_next_dist_1e8vcs8._.js:776
[  122879ms] [LOG] [Fast Refresh] done in 1146ms @ http://localhost:3000/_next/static/chunks/node_modules_next_dist_1e8vcs8._.js:776
[  122943ms] [LOG] [Fast Refresh] done in 1146ms @ http://localhost:3000/_next/static/chunks/node_modules_next_dist_1e8vcs8._.js:776
[  122992ms] [LOG] [Fast Refresh] done in 1146ms @ http://localhost:3000/_next/static/chunks/node_modules_next_dist_1e8vcs8._.js:776
[  123045ms] [LOG] [Fast Refresh] done in 1146ms @ http://localhost:3000/_next/static/chunks/node_modules_next_dist_1e8vcs8._.js:776
[  123097ms] [LOG] [Fast Refresh] done in 1146ms @ http://localhost:3000/_next/static/chunks/node_modules_next_dist_1e8vcs8._.js:776
[  123138ms] [LOG] [Fast Refresh] done in 1146ms @ http://localhost:3000/_next/static/chunks/node_modules_next_dist_1e8vcs8._.js:776
[  123195ms] [LOG] [Fast Refresh] done in 1146ms @ http://localhost:3000/_next/static/chunks/node_modules_next_dist_1e8vcs8._.js:776
[  123258ms] [LOG] [Fast Refresh] done in 1146ms @ http://localhost:3000/_next/static/chunks/node_modules_next_dist_1e8vcs8._.js:776
[  123326ms] [LOG] [Fast Refresh] done in 1146ms @ http://localhost:3000/_next/static/chunks/node_modules_next_dist_1e8vcs8._.js:776
[  123382ms] [LOG] [Fast Refresh] done in 1146ms @ http://localhost:3000/_next/static/chunks/node_modules_next_dist_1e8vcs8._.js:776
[  123427ms] [LOG] [Fast Refresh] done in 1146ms @ http://localhost:3000/_next/static/chunks/node_modules_next_dist_1e8vcs8._.js:776
[  123773ms] [LOG] [Fast Refresh] rebuilding @ http://localhost:3000/_next/static/chunks/node_modules_next_dist_1e8vcs8._.js:776
[  128511ms] [LOG] [Fast Refresh] done in 4840ms @ http://localhost:3000/_next/static/chunks/node_modules_next_dist_1e8vcs8._.js:776
[  128712ms] [LOG] [Fast Refresh] rebuilding @ http://localhost:3000/_next/static/chunks/node_modules_next_dist_1e8vcs8._.js:776
[  130694ms] [LOG] [Fast Refresh] done in 2082ms @ http://localhost:3000/_next/static/chunks/node_modules_next_dist_1e8vcs8._.js:776
[  130894ms] [LOG] [Fast Refresh] rebuilding @ http://localhost:3000/_next/static/chunks/node_modules_next_dist_1e8vcs8._.js:776
[  131053ms] [LOG] [Fast Refresh] done in 261ms @ http://localhost:3000/_next/static/chunks/node_modules_next_dist_1e8vcs8._.js:776
[  131268ms] [LOG] [Fast Refresh] rebuilding @ http://localhost:3000/_next/static/chunks/node_modules_next_dist_1e8vcs8._.js:776
[  132822ms] [LOG] [Fast Refresh] done in 1661ms @ http://localhost:3000/_next/static/chunks/node_modules_next_dist_1e8vcs8._.js:776
[  278820ms] [LOG] [Fast Refresh] rebuilding @ http://localhost:3000/_next/static/chunks/node_modules_next_dist_1e8vcs8._.js:776
[  279341ms] [LOG] [Fast Refresh] done in 634ms @ http://localhost:3000/_next/static/chunks/node_modules_next_dist_1e8vcs8._.js:776
[  279447ms] [INFO] %cDownload the React DevTools for a better development experience: https://react.dev/link/react-devtools font-weight:bold @ http://localhost:3000/_next/static/chunks/node_modules_next_dist_1e8vcs8._.js:776
[  279461ms] [LOG] [HMR] connected @ http://localhost:3000/_next/static/chunks/node_modules_next_dist_1e8vcs8._.js:776
[  279700ms] [LOG] [Fast Refresh] rebuilding @ http://localhost:3000/_next/static/chunks/node_modules_next_dist_1e8vcs8._.js:776
[  279851ms] [LOG] [Fast Refresh] done in 255ms @ http://localhost:3000/_next/static/chunks/node_modules_next_dist_1e8vcs8._.js:776
[  738562ms] [LOG] [Fast Refresh] rebuilding @ http://localhost:3000/_next/static/chunks/node_modules_next_dist_1e8vcs8._.js:776
[  738593ms] [LOG] [Fast Refresh] done in 136ms @ http://localhost:3000/_next/static/chunks/node_modules_next_dist_1e8vcs8._.js:776
[  738925ms] [LOG] [Fast Refresh] rebuilding @ http://localhost:3000/_next/static/chunks/node_modules_next_dist_1e8vcs8._.js:776
[  744651ms] [LOG] [Fast Refresh] done in 5822ms @ http://localhost:3000/_next/static/chunks/node_modules_next_dist_1e8vcs8._.js:776
[  744752ms] [LOG] [Fast Refresh] done in 5822ms @ http://localhost:3000/_next/static/chunks/node_modules_next_dist_1e8vcs8._.js:776
[  744823ms] [LOG] [Fast Refresh] done in 5822ms @ http://localhost:3000/_next/static/chunks/node_modules_next_dist_1e8vcs8._.js:776
[  744908ms] [LOG] [Fast Refresh] done in 5822ms @ http://localhost:3000/_next/static/chunks/node_modules_next_dist_1e8vcs8._.js:776
[  744972ms] [LOG] [Fast Refresh] done in 5822ms @ http://localhost:3000/_next/static/chunks/node_modules_next_dist_1e8vcs8._.js:776
[  745011ms] [LOG] [Fast Refresh] done in 5822ms @ http://localhost:3000/_next/static/chunks/node_modules_next_dist_1e8vcs8._.js:776
[  745061ms] [LOG] [Fast Refresh] done in 5822ms @ http://localhost:3000/_next/static/chunks/node_modules_next_dist_1e8vcs8._.js:776
[  745110ms] [LOG] [Fast Refresh] done in 5822ms @ http://localhost:3000/_next/static/chunks/node_modules_next_dist_1e8vcs8._.js:776
[  745166ms] [LOG] [Fast Refresh] done in 5822ms @ http://localhost:3000/_next/static/chunks/node_modules_next_dist_1e8vcs8._.js:776
[  745209ms] [LOG] [Fast Refresh] done in 5822ms @ http://localhost:3000/_next/static/chunks/node_modules_next_dist_1e8vcs8._.js:776
[  745259ms] [LOG] [Fast Refresh] done in 5822ms @ http://localhost:3000/_next/static/chunks/node_modules_next_dist_1e8vcs8._.js:776
[  745310ms] [LOG] [Fast Refresh] done in 5822ms @ http://localhost:3000/_next/static/chunks/node_modules_next_dist_1e8vcs8._.js:776
[  745360ms] [LOG] [Fast Refresh] done in 5822ms @ http://localhost:3000/_next/static/chunks/node_modules_next_dist_1e8vcs8._.js:776
[  745458ms] [LOG] [Fast Refresh] done in 5822ms @ http://localhost:3000/_next/static/chunks/node_modules_next_dist_1e8vcs8._.js:776
[  745508ms] [LOG] [Fast Refresh] done in 5822ms @ http://localhost:3000/_next/static/chunks/node_modules_next_dist_1e8vcs8._.js:776
[  745557ms] [LOG] [Fast Refresh] done in 5822ms @ http://localhost:3000/_next/static/chunks/node_modules_next_dist_1e8vcs8._.js:776
[  745609ms] [LOG] [Fast Refresh] done in 5822ms @ http://localhost:3000/_next/static/chunks/node_modules_next_dist_1e8vcs8._.js:776
[  745659ms] [LOG] [Fast Refresh] done in 5822ms @ http://localhost:3000/_next/static/chunks/node_modules_next_dist_1e8vcs8._.js:776
[  745709ms] [LOG] [Fast Refresh] done in 5822ms @ http://localhost:3000/_next/static/chunks/node_modules_next_dist_1e8vcs8._.js:776
[  745758ms] [LOG] [Fast Refresh] done in 5822ms @ http://localhost:3000/_next/static/chunks/node_modules_next_dist_1e8vcs8._.js:776
[  745807ms] [LOG] [Fast Refresh] done in 5822ms @ http://localhost:3000/_next/static/chunks/node_modules_next_dist_1e8vcs8._.js:776
[  745858ms] [LOG] [Fast Refresh] done in 5822ms @ http://localhost:3000/_next/static/chunks/node_modules_next_dist_1e8vcs8._.js:776
[  745908ms] [LOG] [Fast Refresh] done in 5822ms @ http://localhost:3000/_next/static/chunks/node_modules_next_dist_1e8vcs8._.js:776
[  746020ms] [LOG] [Fast Refresh] done in 5822ms @ http://localhost:3000/_next/static/chunks/node_modules_next_dist_1e8vcs8._.js:776
[  746090ms] [LOG] [Fast Refresh] done in 5822ms @ http://localhost:3000/_next/static/chunks/node_modules_next_dist_1e8vcs8._.js:776
[  746145ms] [LOG] [Fast Refresh] done in 5822ms @ http://localhost:3000/_next/static/chunks/node_modules_next_dist_1e8vcs8._.js:776
[  746192ms] [LOG] [Fast Refresh] done in 5822ms @ http://localhost:3000/_next/static/chunks/node_modules_next_dist_1e8vcs8._.js:776
[  746243ms] [LOG] [Fast Refresh] done in 5822ms @ http://localhost:3000/_next/static/chunks/node_modules_next_dist_1e8vcs8._.js:776
[  746293ms] [LOG] [Fast Refresh] done in 5822ms @ http://localhost:3000/_next/static/chunks/node_modules_next_dist_1e8vcs8._.js:776
[  746341ms] [LOG] [Fast Refresh] done in 5822ms @ http://localhost:3000/_next/static/chunks/node_modules_next_dist_1e8vcs8._.js:776
[  746391ms] [LOG] [Fast Refresh] done in 5822ms @ http://localhost:3000/_next/static/chunks/node_modules_next_dist_1e8vcs8._.js:776
[  746441ms] [LOG] [Fast Refresh] done in 5822ms @ http://localhost:3000/_next/static/chunks/node_modules_next_dist_1e8vcs8._.js:776
[  746491ms] [LOG] [Fast Refresh] done in 5822ms @ http://localhost:3000/_next/static/chunks/node_modules_next_dist_1e8vcs8._.js:776
[  746541ms] [LOG] [Fast Refresh] done in 5822ms @ http://localhost:3000/_next/static/chunks/node_modules_next_dist_1e8vcs8._.js:776
[  746591ms] [LOG] [Fast Refresh] done in 5822ms @ http://localhost:3000/_next/static/chunks/node_modules_next_dist_1e8vcs8._.js:776
[  746640ms] [LOG] [Fast Refresh] done in 5822ms @ http://localhost:3000/_next/static/chunks/node_modules_next_dist_1e8vcs8._.js:776
[  746691ms] [LOG] [Fast Refresh] done in 5822ms @ http://localhost:3000/_next/static/chunks/node_modules_next_dist_1e8vcs8._.js:776
[  746742ms] [LOG] [Fast Refresh] done in 5822ms @ http://localhost:3000/_next/static/chunks/node_modules_next_dist_1e8vcs8._.js:776
[  746792ms] [LOG] [Fast Refresh] done in 5822ms @ http://localhost:3000/_next/static/chunks/node_modules_next_dist_1e8vcs8._.js:776
[  746842ms] [LOG] [Fast Refresh] done in 5822ms @ http://localhost:3000/_next/static/chunks/node_modules_next_dist_1e8vcs8._.js:776
[  746891ms] [LOG] [Fast Refresh] done in 5822ms @ http://localhost:3000/_next/static/chunks/node_modules_next_dist_1e8vcs8._.js:776
[  746943ms] [LOG] [Fast Refresh] done in 5822ms @ http://localhost:3000/_next/static/chunks/node_modules_next_dist_1e8vcs8._.js:776
[  747008ms] [LOG] [Fast Refresh] done in 5822ms @ http://localhost:3000/_next/static/chunks/node_modules_next_dist_1e8vcs8._.js:776
[  747058ms] [LOG] [Fast Refresh] done in 5822ms @ http://localhost:3000/_next/static/chunks/node_modules_next_dist_1e8vcs8._.js:776
[  747108ms] [LOG] [Fast Refresh] done in 5822ms @ http://localhost:3000/_next/static/chunks/node_modules_next_dist_1e8vcs8._.js:776
[  747158ms] [LOG] [Fast Refresh] done in 5822ms @ http://localhost:3000/_next/static/chunks/node_modules_next_dist_1e8vcs8._.js:776
[  747208ms] [LOG] [Fast Refresh] done in 5822ms @ http://localhost:3000/_next/static/chunks/node_modules_next_dist_1e8vcs8._.js:776
[  747259ms] [LOG] [Fast Refresh] done in 5822ms @ http://localhost:3000/_next/static/chunks/node_modules_next_dist_1e8vcs8._.js:776
[  747308ms] [LOG] [Fast Refresh] done in 5822ms @ http://localhost:3000/_next/static/chunks/node_modules_next_dist_1e8vcs8._.js:776
[  747358ms] [LOG] [Fast Refresh] done in 5822ms @ http://localhost:3000/_next/static/chunks/node_modules_next_dist_1e8vcs8._.js:776
[  747408ms] [LOG] [Fast Refresh] done in 5822ms @ http://localhost:3000/_next/static/chunks/node_modules_next_dist_1e8vcs8._.js:776
[  747458ms] [LOG] [Fast Refresh] done in 5822ms @ http://localhost:3000/_next/static/chunks/node_modules_next_dist_1e8vcs8._.js:776
[  747507ms] [LOG] [Fast Refresh] done in 5822ms @ http://localhost:3000/_next/static/chunks/node_modules_next_dist_1e8vcs8._.js:776
[  747558ms] [LOG] [Fast Refresh] done in 5822ms @ http://localhost:3000/_next/static/chunks/node_modules_next_dist_1e8vcs8._.js:776
[  747616ms] [LOG] [Fast Refresh] done in 5822ms @ http://localhost:3000/_next/static/chunks/node_modules_next_dist_1e8vcs8._.js:776
[  747658ms] [LOG] [Fast Refresh] done in 5822ms @ http://localhost:3000/_next/static/chunks/node_modules_next_dist_1e8vcs8._.js:776
[  747708ms] [LOG] [Fast Refresh] done in 5822ms @ http://localhost:3000/_next/static/chunks/node_modules_next_dist_1e8vcs8._.js:776
[  747772ms] [LOG] [Fast Refresh] done in 5822ms @ http://localhost:3000/_next/static/chunks/node_modules_next_dist_1e8vcs8._.js:776
[  747825ms] [LOG] [Fast Refresh] done in 5822ms @ http://localhost:3000/_next/static/chunks/node_modules_next_dist_1e8vcs8._.js:776
[  747876ms] [LOG] [Fast Refresh] done in 5822ms @ http://localhost:3000/_next/static/chunks/node_modules_next_dist_1e8vcs8._.js:776
[  747925ms] [LOG] [Fast Refresh] done in 5822ms @ http://localhost:3000/_next/static/chunks/node_modules_next_dist_1e8vcs8._.js:776
[  747975ms] [LOG] [Fast Refresh] done in 5822ms @ http://localhost:3000/_next/static/chunks/node_modules_next_dist_1e8vcs8._.js:776
[  748026ms] [LOG] [Fast Refresh] done in 5822ms @ http://localhost:3000/_next/static/chunks/node_modules_next_dist_1e8vcs8._.js:776
[  748079ms] [LOG] [Fast Refresh] done in 5822ms @ http://localhost:3000/_next/static/chunks/node_modules_next_dist_1e8vcs8._.js:776
[  748126ms] [LOG] [Fast Refresh] done in 5822ms @ http://localhost:3000/_next/static/chunks/node_modules_next_dist_1e8vcs8._.js:776
[  748175ms] [LOG] [Fast Refresh] done in 5822ms @ http://localhost:3000/_next/static/chunks/node_modules_next_dist_1e8vcs8._.js:776
[  748225ms] [LOG] [Fast Refresh] done in 5822ms @ http://localhost:3000/_next/static/chunks/node_modules_next_dist_1e8vcs8._.js:776
[  748275ms] [LOG] [Fast Refresh] done in 5822ms @ http://localhost:3000/_next/static/chunks/node_modules_next_dist_1e8vcs8._.js:776
[  748325ms] [LOG] [Fast Refresh] done in 5822ms @ http://localhost:3000/_next/static/chunks/node_modules_next_dist_1e8vcs8._.js:776
[  748374ms] [LOG] [Fast Refresh] done in 5822ms @ http://localhost:3000/_next/static/chunks/node_modules_next_dist_1e8vcs8._.js:776
[  748425ms] [LOG] [Fast Refresh] done in 5822ms @ http://localhost:3000/_next/static/chunks/node_modules_next_dist_1e8vcs8._.js:776
[  748475ms] [LOG] [Fast Refresh] done in 5822ms @ http://localhost:3000/_next/static/chunks/node_modules_next_dist_1e8vcs8._.js:776
[  748526ms] [LOG] [Fast Refresh] done in 5822ms @ http://localhost:3000/_next/static/chunks/node_modules_next_dist_1e8vcs8._.js:776
[  748575ms] [LOG] [Fast Refresh] done in 5822ms @ http://localhost:3000/_next/static/chunks/node_modules_next_dist_1e8vcs8._.js:776
[  748625ms] [LOG] [Fast Refresh] done in 5822ms @ http://localhost:3000/_next/static/chunks/node_modules_next_dist_1e8vcs8._.js:776
[  748675ms] [LOG] [Fast Refresh] done in 5822ms @ http://localhost:3000/_next/static/chunks/node_modules_next_dist_1e8vcs8._.js:776
[  748725ms] [LOG] [Fast Refresh] done in 5822ms @ http://localhost:3000/_next/static/chunks/node_modules_next_dist_1e8vcs8._.js:776
[  748775ms] [LOG] [Fast Refresh] done in 5822ms @ http://localhost:3000/_next/static/chunks/node_modules_next_dist_1e8vcs8._.js:776
[  748824ms] [LOG] [Fast Refresh] done in 5822ms @ http://localhost:3000/_next/static/chunks/node_modules_next_dist_1e8vcs8._.js:776
[  749059ms] [LOG] [Fast Refresh] rebuilding @ http://localhost:3000/_next/static/chunks/node_modules_next_dist_1e8vcs8._.js:776
[  749383ms] [LOG] [Fast Refresh] done in 425ms @ http://localhost:3000/_next/static/chunks/node_modules_next_dist_1e8vcs8._.js:776
[  846355ms] [LOG] [Fast Refresh] rebuilding @ http://localhost:3000/_next/static/chunks/node_modules_next_dist_1e8vcs8._.js:776
[  851551ms] [LOG] [Fast Refresh] done in 5220ms @ http://localhost:3000/_next/static/chunks/node_modules_next_dist_1e8vcs8._.js:776
[  851590ms] [LOG] [Fast Refresh] done in 5220ms @ http://localhost:3000/_next/static/chunks/node_modules_next_dist_1e8vcs8._.js:776
[  851711ms] [LOG] [Fast Refresh] done in 5220ms @ http://localhost:3000/_next/static/chunks/node_modules_next_dist_1e8vcs8._.js:776
[  851757ms] [LOG] [Fast Refresh] done in 5220ms @ http://localhost:3000/_next/static/chunks/node_modules_next_dist_1e8vcs8._.js:776
[  851803ms] [LOG] [Fast Refresh] done in 5220ms @ http://localhost:3000/_next/static/chunks/node_modules_next_dist_1e8vcs8._.js:776
[  851860ms] [LOG] [Fast Refresh] done in 5220ms @ http://localhost:3000/_next/static/chunks/node_modules_next_dist_1e8vcs8._.js:776
[  851908ms] [LOG] [Fast Refresh] done in 5220ms @ http://localhost:3000/_next/static/chunks/node_modules_next_dist_1e8vcs8._.js:776
[  851960ms] [LOG] [Fast Refresh] done in 5220ms @ http://localhost:3000/_next/static/chunks/node_modules_next_dist_1e8vcs8._.js:776
[  852010ms] [LOG] [Fast Refresh] done in 5220ms @ http://localhost:3000/_next/static/chunks/node_modules_next_dist_1e8vcs8._.js:776
[  852057ms] [LOG] [Fast Refresh] done in 5220ms @ http://localhost:3000/_next/static/chunks/node_modules_next_dist_1e8vcs8._.js:776
[  852108ms] [LOG] [Fast Refresh] done in 5220ms @ http://localhost:3000/_next/static/chunks/node_modules_next_dist_1e8vcs8._.js:776
[  852158ms] [LOG] [Fast Refresh] done in 5220ms @ http://localhost:3000/_next/static/chunks/node_modules_next_dist_1e8vcs8._.js:776
[  852208ms] [LOG] [Fast Refresh] done in 5220ms @ http://localhost:3000/_next/static/chunks/node_modules_next_dist_1e8vcs8._.js:776
[  852270ms] [LOG] [Fast Refresh] done in 5220ms @ http://localhost:3000/_next/static/chunks/node_modules_next_dist_1e8vcs8._.js:776
[  852322ms] [LOG] [Fast Refresh] done in 5220ms @ http://localhost:3000/_next/static/chunks/node_modules_next_dist_1e8vcs8._.js:776
[  852373ms] [LOG] [Fast Refresh] done in 5220ms @ http://localhost:3000/_next/static/chunks/node_modules_next_dist_1e8vcs8._.js:776
[  852423ms] [LOG] [Fast Refresh] done in 5220ms @ http://localhost:3000/_next/static/chunks/node_modules_next_dist_1e8vcs8._.js:776
[  852471ms] [LOG] [Fast Refresh] done in 5220ms @ http://localhost:3000/_next/static/chunks/node_modules_next_dist_1e8vcs8._.js:776
[  852523ms] [LOG] [Fast Refresh] done in 5220ms @ http://localhost:3000/_next/static/chunks/node_modules_next_dist_1e8vcs8._.js:776
[  852573ms] [LOG] [Fast Refresh] done in 5220ms @ http://localhost:3000/_next/static/chunks/node_modules_next_dist_1e8vcs8._.js:776
[  852623ms] [LOG] [Fast Refresh] done in 5220ms @ http://localhost:3000/_next/static/chunks/node_modules_next_dist_1e8vcs8._.js:776
[  852672ms] [LOG] [Fast Refresh] done in 5220ms @ http://localhost:3000/_next/static/chunks/node_modules_next_dist_1e8vcs8._.js:776
[  852722ms] [LOG] [Fast Refresh] done in 5220ms @ http://localhost:3000/_next/static/chunks/node_modules_next_dist_1e8vcs8._.js:776
[  852775ms] [LOG] [Fast Refresh] done in 5220ms @ http://localhost:3000/_next/static/chunks/node_modules_next_dist_1e8vcs8._.js:776
[  852824ms] [LOG] [Fast Refresh] done in 5220ms @ http://localhost:3000/_next/static/chunks/node_modules_next_dist_1e8vcs8._.js:776
[  852887ms] [LOG] [Fast Refresh] done in 5220ms @ http://localhost:3000/_next/static/chunks/node_modules_next_dist_1e8vcs8._.js:776
[  852924ms] [LOG] [Fast Refresh] done in 5220ms @ http://localhost:3000/_next/static/chunks/node_modules_next_dist_1e8vcs8._.js:776
[  852973ms] [LOG] [Fast Refresh] done in 5220ms @ http://localhost:3000/_next/static/chunks/node_modules_next_dist_1e8vcs8._.js:776
[  853022ms] [LOG] [Fast Refresh] done in 5220ms @ http://localhost:3000/_next/static/chunks/node_modules_next_dist_1e8vcs8._.js:776
[  853089ms] [LOG] [Fast Refresh] done in 5220ms @ http://localhost:3000/_next/static/chunks/node_modules_next_dist_1e8vcs8._.js:776
[  853139ms] [LOG] [Fast Refresh] done in 5220ms @ http://localhost:3000/_next/static/chunks/node_modules_next_dist_1e8vcs8._.js:776
[  853189ms] [LOG] [Fast Refresh] done in 5220ms @ http://localhost:3000/_next/static/chunks/node_modules_next_dist_1e8vcs8._.js:776
[  853239ms] [LOG] [Fast Refresh] done in 5220ms @ http://localhost:3000/_next/static/chunks/node_modules_next_dist_1e8vcs8._.js:776
[  853290ms] [LOG] [Fast Refresh] done in 5220ms @ http://localhost:3000/_next/static/chunks/node_modules_next_dist_1e8vcs8._.js:776
[  853339ms] [LOG] [Fast Refresh] done in 5220ms @ http://localhost:3000/_next/static/chunks/node_modules_next_dist_1e8vcs8._.js:776
[  853390ms] [LOG] [Fast Refresh] done in 5220ms @ http://localhost:3000/_next/static/chunks/node_modules_next_dist_1e8vcs8._.js:776
[  853440ms] [LOG] [Fast Refresh] done in 5220ms @ http://localhost:3000/_next/static/chunks/node_modules_next_dist_1e8vcs8._.js:776
[  853488ms] [LOG] [Fast Refresh] done in 5220ms @ http://localhost:3000/_next/static/chunks/node_modules_next_dist_1e8vcs8._.js:776
[  853540ms] [LOG] [Fast Refresh] done in 5220ms @ http://localhost:3000/_next/static/chunks/node_modules_next_dist_1e8vcs8._.js:776
[  853589ms] [LOG] [Fast Refresh] done in 5220ms @ http://localhost:3000/_next/static/chunks/node_modules_next_dist_1e8vcs8._.js:776
[  853639ms] [LOG] [Fast Refresh] done in 5220ms @ http://localhost:3000/_next/static/chunks/node_modules_next_dist_1e8vcs8._.js:776
[  853689ms] [LOG] [Fast Refresh] done in 5220ms @ http://localhost:3000/_next/static/chunks/node_modules_next_dist_1e8vcs8._.js:776
[  853739ms] [LOG] [Fast Refresh] done in 5220ms @ http://localhost:3000/_next/static/chunks/node_modules_next_dist_1e8vcs8._.js:776
[  853790ms] [LOG] [Fast Refresh] done in 5220ms @ http://localhost:3000/_next/static/chunks/node_modules_next_dist_1e8vcs8._.js:776
[  853840ms] [LOG] [Fast Refresh] done in 5220ms @ http://localhost:3000/_next/static/chunks/node_modules_next_dist_1e8vcs8._.js:776
[  853895ms] [LOG] [Fast Refresh] done in 5220ms @ http://localhost:3000/_next/static/chunks/node_modules_next_dist_1e8vcs8._.js:776
[  853939ms] [LOG] [Fast Refresh] done in 5220ms @ http://localhost:3000/_next/static/chunks/node_modules_next_dist_1e8vcs8._.js:776
[  853989ms] [LOG] [Fast Refresh] done in 5220ms @ http://localhost:3000/_next/static/chunks/node_modules_next_dist_1e8vcs8._.js:776
[  854039ms] [LOG] [Fast Refresh] done in 5220ms @ http://localhost:3000/_next/static/chunks/node_modules_next_dist_1e8vcs8._.js:776
[  854090ms] [LOG] [Fast Refresh] done in 5220ms @ http://localhost:3000/_next/static/chunks/node_modules_next_dist_1e8vcs8._.js:776
[  854139ms] [LOG] [Fast Refresh] done in 5220ms @ http://localhost:3000/_next/static/chunks/node_modules_next_dist_1e8vcs8._.js:776
[  854189ms] [LOG] [Fast Refresh] done in 5220ms @ http://localhost:3000/_next/static/chunks/node_modules_next_dist_1e8vcs8._.js:776
[  854240ms] [LOG] [Fast Refresh] done in 5220ms @ http://localhost:3000/_next/static/chunks/node_modules_next_dist_1e8vcs8._.js:776
[  854289ms] [LOG] [Fast Refresh] done in 5220ms @ http://localhost:3000/_next/static/chunks/node_modules_next_dist_1e8vcs8._.js:776
[  854340ms] [LOG] [Fast Refresh] done in 5220ms @ http://localhost:3000/_next/static/chunks/node_modules_next_dist_1e8vcs8._.js:776
[  854392ms] [LOG] [Fast Refresh] done in 5220ms @ http://localhost:3000/_next/static/chunks/node_modules_next_dist_1e8vcs8._.js:776
[  854440ms] [LOG] [Fast Refresh] done in 5220ms @ http://localhost:3000/_next/static/chunks/node_modules_next_dist_1e8vcs8._.js:776
[  854489ms] [LOG] [Fast Refresh] done in 5220ms @ http://localhost:3000/_next/static/chunks/node_modules_next_dist_1e8vcs8._.js:776
[  854540ms] [LOG] [Fast Refresh] done in 5220ms @ http://localhost:3000/_next/static/chunks/node_modules_next_dist_1e8vcs8._.js:776
[  854589ms] [LOG] [Fast Refresh] done in 5220ms @ http://localhost:3000/_next/static/chunks/node_modules_next_dist_1e8vcs8._.js:776
[  854639ms] [LOG] [Fast Refresh] done in 5220ms @ http://localhost:3000/_next/static/chunks/node_modules_next_dist_1e8vcs8._.js:776
[  854690ms] [LOG] [Fast Refresh] done in 5220ms @ http://localhost:3000/_next/static/chunks/node_modules_next_dist_1e8vcs8._.js:776
[  854739ms] [LOG] [Fast Refresh] done in 5220ms @ http://localhost:3000/_next/static/chunks/node_modules_next_dist_1e8vcs8._.js:776
[  854791ms] [LOG] [Fast Refresh] done in 5220ms @ http://localhost:3000/_next/static/chunks/node_modules_next_dist_1e8vcs8._.js:776
[  854846ms] [LOG] [Fast Refresh] done in 5220ms @ http://localhost:3000/_next/static/chunks/node_modules_next_dist_1e8vcs8._.js:776
[  854905ms] [LOG] [Fast Refresh] done in 5220ms @ http://localhost:3000/_next/static/chunks/node_modules_next_dist_1e8vcs8._.js:776
[  854955ms] [LOG] [Fast Refresh] done in 5220ms @ http://localhost:3000/_next/static/chunks/node_modules_next_dist_1e8vcs8._.js:776
[  855006ms] [LOG] [Fast Refresh] done in 5220ms @ http://localhost:3000/_next/static/chunks/node_modules_next_dist_1e8vcs8._.js:776
[  855056ms] [LOG] [Fast Refresh] done in 5220ms @ http://localhost:3000/_next/static/chunks/node_modules_next_dist_1e8vcs8._.js:776
[  855106ms] [LOG] [Fast Refresh] done in 5220ms @ http://localhost:3000/_next/static/chunks/node_modules_next_dist_1e8vcs8._.js:776
[  855156ms] [LOG] [Fast Refresh] done in 5220ms @ http://localhost:3000/_next/static/chunks/node_modules_next_dist_1e8vcs8._.js:776
[  855206ms] [LOG] [Fast Refresh] done in 5220ms @ http://localhost:3000/_next/static/chunks/node_modules_next_dist_1e8vcs8._.js:776
[  855256ms] [LOG] [Fast Refresh] done in 5220ms @ http://localhost:3000/_next/static/chunks/node_modules_next_dist_1e8vcs8._.js:776
[  855307ms] [LOG] [Fast Refresh] done in 5220ms @ http://localhost:3000/_next/static/chunks/node_modules_next_dist_1e8vcs8._.js:776
[  855355ms] [LOG] [Fast Refresh] done in 5220ms @ http://localhost:3000/_next/static/chunks/node_modules_next_dist_1e8vcs8._.js:776
[  855406ms] [LOG] [Fast Refresh] done in 5220ms @ http://localhost:3000/_next/static/chunks/node_modules_next_dist_1e8vcs8._.js:776
[  855456ms] [LOG] [Fast Refresh] done in 5220ms @ http://localhost:3000/_next/static/chunks/node_modules_next_dist_1e8vcs8._.js:776
[  855506ms] [LOG] [Fast Refresh] done in 5220ms @ http://localhost:3000/_next/static/chunks/node_modules_next_dist_1e8vcs8._.js:776
[  855556ms] [LOG] [Fast Refresh] done in 5220ms @ http://localhost:3000/_next/static/chunks/node_modules_next_dist_1e8vcs8._.js:776
[  855606ms] [LOG] [Fast Refresh] done in 5220ms @ http://localhost:3000/_next/static/chunks/node_modules_next_dist_1e8vcs8._.js:776
[  855656ms] [LOG] [Fast Refresh] done in 5220ms @ http://localhost:3000/_next/static/chunks/node_modules_next_dist_1e8vcs8._.js:776
[  855707ms] [LOG] [Fast Refresh] done in 5220ms @ http://localhost:3000/_next/static/chunks/node_modules_next_dist_1e8vcs8._.js:776
[  855756ms] [LOG] [Fast Refresh] done in 5220ms @ http://localhost:3000/_next/static/chunks/node_modules_next_dist_1e8vcs8._.js:776
[  855806ms] [LOG] [Fast Refresh] done in 5220ms @ http://localhost:3000/_next/static/chunks/node_modules_next_dist_1e8vcs8._.js:776
[  855856ms] [LOG] [Fast Refresh] done in 5220ms @ http://localhost:3000/_next/static/chunks/node_modules_next_dist_1e8vcs8._.js:776
[  855904ms] [LOG] [Fast Refresh] done in 5220ms @ http://localhost:3000/_next/static/chunks/node_modules_next_dist_1e8vcs8._.js:776
[  855957ms] [LOG] [Fast Refresh] done in 5220ms @ http://localhost:3000/_next/static/chunks/node_modules_next_dist_1e8vcs8._.js:776
[  856023ms] [LOG] [Fast Refresh] done in 5220ms @ http://localhost:3000/_next/static/chunks/node_modules_next_dist_1e8vcs8._.js:776
[  856074ms] [LOG] [Fast Refresh] done in 5220ms @ http://localhost:3000/_next/static/chunks/node_modules_next_dist_1e8vcs8._.js:776
[  856123ms] [LOG] [Fast Refresh] done in 5220ms @ http://localhost:3000/_next/static/chunks/node_modules_next_dist_1e8vcs8._.js:776
[  856174ms] [LOG] [Fast Refresh] done in 5220ms @ http://localhost:3000/_next/static/chunks/node_modules_next_dist_1e8vcs8._.js:776
[  856223ms] [LOG] [Fast Refresh] done in 5220ms @ http://localhost:3000/_next/static/chunks/node_modules_next_dist_1e8vcs8._.js:776
[  856272ms] [LOG] [Fast Refresh] done in 5220ms @ http://localhost:3000/_next/static/chunks/node_modules_next_dist_1e8vcs8._.js:776
[  856323ms] [LOG] [Fast Refresh] done in 5220ms @ http://localhost:3000/_next/static/chunks/node_modules_next_dist_1e8vcs8._.js:776
[  856373ms] [LOG] [Fast Refresh] done in 5220ms @ http://localhost:3000/_next/static/chunks/node_modules_next_dist_1e8vcs8._.js:776
[  856423ms] [LOG] [Fast Refresh] done in 5220ms @ http://localhost:3000/_next/static/chunks/node_modules_next_dist_1e8vcs8._.js:776
[  856473ms] [LOG] [Fast Refresh] done in 5220ms @ http://localhost:3000/_next/static/chunks/node_modules_next_dist_1e8vcs8._.js:776
[  856523ms] [LOG] [Fast Refresh] done in 5220ms @ http://localhost:3000/_next/static/chunks/node_modules_next_dist_1e8vcs8._.js:776
[  856573ms] [LOG] [Fast Refresh] done in 5220ms @ http://localhost:3000/_next/static/chunks/node_modules_next_dist_1e8vcs8._.js:776
[  856623ms] [LOG] [Fast Refresh] done in 5220ms @ http://localhost:3000/_next/static/chunks/node_modules_next_dist_1e8vcs8._.js:776
[  856672ms] [LOG] [Fast Refresh] done in 5220ms @ http://localhost:3000/_next/static/chunks/node_modules_next_dist_1e8vcs8._.js:776
[  856722ms] [LOG] [Fast Refresh] done in 5220ms @ http://localhost:3000/_next/static/chunks/node_modules_next_dist_1e8vcs8._.js:776
[  856773ms] [LOG] [Fast Refresh] done in 5220ms @ http://localhost:3000/_next/static/chunks/node_modules_next_dist_1e8vcs8._.js:776
[  856823ms] [LOG] [Fast Refresh] done in 5220ms @ http://localhost:3000/_next/static/chunks/node_modules_next_dist_1e8vcs8._.js:776
[  856873ms] [LOG] [Fast Refresh] done in 5220ms @ http://localhost:3000/_next/static/chunks/node_modules_next_dist_1e8vcs8._.js:776
[  856921ms] [LOG] [Fast Refresh] done in 5220ms @ http://localhost:3000/_next/static/chunks/node_modules_next_dist_1e8vcs8._.js:776
[  856973ms] [LOG] [Fast Refresh] done in 5220ms @ http://localhost:3000/_next/static/chunks/node_modules_next_dist_1e8vcs8._.js:776
[  857022ms] [LOG] [Fast Refresh] done in 5220ms @ http://localhost:3000/_next/static/chunks/node_modules_next_dist_1e8vcs8._.js:776
[  857074ms] [LOG] [Fast Refresh] done in 5220ms @ http://localhost:3000/_next/static/chunks/node_modules_next_dist_1e8vcs8._.js:776
[  857122ms] [LOG] [Fast Refresh] done in 5220ms @ http://localhost:3000/_next/static/chunks/node_modules_next_dist_1e8vcs8._.js:776
[  857172ms] [LOG] [Fast Refresh] done in 5220ms @ http://localhost:3000/_next/static/chunks/node_modules_next_dist_1e8vcs8._.js:776
[  857222ms] [LOG] [Fast Refresh] done in 5220ms @ http://localhost:3000/_next/static/chunks/node_modules_next_dist_1e8vcs8._.js:776
[  857273ms] [LOG] [Fast Refresh] done in 5220ms @ http://localhost:3000/_next/static/chunks/node_modules_next_dist_1e8vcs8._.js:776
[  857323ms] [LOG] [Fast Refresh] done in 5220ms @ http://localhost:3000/_next/static/chunks/node_modules_next_dist_1e8vcs8._.js:776
[  857373ms] [LOG] [Fast Refresh] done in 5220ms @ http://localhost:3000/_next/static/chunks/node_modules_next_dist_1e8vcs8._.js:776
[  857422ms] [LOG] [Fast Refresh] done in 5220ms @ http://localhost:3000/_next/static/chunks/node_modules_next_dist_1e8vcs8._.js:776
[  857474ms] [LOG] [Fast Refresh] done in 5220ms @ http://localhost:3000/_next/static/chunks/node_modules_next_dist_1e8vcs8._.js:776
[  857523ms] [LOG] [Fast Refresh] done in 5220ms @ http://localhost:3000/_next/static/chunks/node_modules_next_dist_1e8vcs8._.js:776
[  857574ms] [LOG] [Fast Refresh] done in 5220ms @ http://localhost:3000/_next/static/chunks/node_modules_next_dist_1e8vcs8._.js:776
[  857622ms] [LOG] [Fast Refresh] done in 5220ms @ http://localhost:3000/_next/static/chunks/node_modules_next_dist_1e8vcs8._.js:776
[  857675ms] [LOG] [Fast Refresh] done in 5220ms @ http://localhost:3000/_next/static/chunks/node_modules_next_dist_1e8vcs8._.js:776
[  857722ms] [LOG] [Fast Refresh] done in 5220ms @ http://localhost:3000/_next/static/chunks/node_modules_next_dist_1e8vcs8._.js:776
[  857773ms] [LOG] [Fast Refresh] done in 5220ms @ http://localhost:3000/_next/static/chunks/node_modules_next_dist_1e8vcs8._.js:776
[  857823ms] [LOG] [Fast Refresh] done in 5220ms @ http://localhost:3000/_next/static/chunks/node_modules_next_dist_1e8vcs8._.js:776
[  857873ms] [LOG] [Fast Refresh] done in 5220ms @ http://localhost:3000/_next/static/chunks/node_modules_next_dist_1e8vcs8._.js:776
[  857936ms] [LOG] [Fast Refresh] done in 5220ms @ http://localhost:3000/_next/static/chunks/node_modules_next_dist_1e8vcs8._.js:776
[  857989ms] [LOG] [Fast Refresh] done in 5220ms @ http://localhost:3000/_next/static/chunks/node_modules_next_dist_1e8vcs8._.js:776
[  858039ms] [LOG] [Fast Refresh] done in 5220ms @ http://localhost:3000/_next/static/chunks/node_modules_next_dist_1e8vcs8._.js:776
[  858088ms] [LOG] [Fast Refresh] done in 5220ms @ http://localhost:3000/_next/static/chunks/node_modules_next_dist_1e8vcs8._.js:776
[  858139ms] [LOG] [Fast Refresh] done in 5220ms @ http://localhost:3000/_next/static/chunks/node_modules_next_dist_1e8vcs8._.js:776
[  858189ms] [LOG] [Fast Refresh] done in 5220ms @ http://localhost:3000/_next/static/chunks/node_modules_next_dist_1e8vcs8._.js:776
[  858238ms] [LOG] [Fast Refresh] done in 5220ms @ http://localhost:3000/_next/static/chunks/node_modules_next_dist_1e8vcs8._.js:776
[  858323ms] [LOG] [Fast Refresh] done in 5220ms @ http://localhost:3000/_next/static/chunks/node_modules_next_dist_1e8vcs8._.js:776
[  858375ms] [LOG] [Fast Refresh] done in 5220ms @ http://localhost:3000/_next/static/chunks/node_modules_next_dist_1e8vcs8._.js:776
[  858424ms] [LOG] [Fast Refresh] done in 5220ms @ http://localhost:3000/_next/static/chunks/node_modules_next_dist_1e8vcs8._.js:776
[  858472ms] [LOG] [Fast Refresh] done in 5220ms @ http://localhost:3000/_next/static/chunks/node_modules_next_dist_1e8vcs8._.js:776
[  858525ms] [LOG] [Fast Refresh] done in 5220ms @ http://localhost:3000/_next/static/chunks/node_modules_next_dist_1e8vcs8._.js:776
[  858572ms] [LOG] [Fast Refresh] done in 5220ms @ http://localhost:3000/_next/static/chunks/node_modules_next_dist_1e8vcs8._.js:776
[  858623ms] [LOG] [Fast Refresh] done in 5220ms @ http://localhost:3000/_next/static/chunks/node_modules_next_dist_1e8vcs8._.js:776
[  858673ms] [LOG] [Fast Refresh] done in 5220ms @ http://localhost:3000/_next/static/chunks/node_modules_next_dist_1e8vcs8._.js:776
[  858723ms] [LOG] [Fast Refresh] done in 5220ms @ http://localhost:3000/_next/static/chunks/node_modules_next_dist_1e8vcs8._.js:776
[  858773ms] [LOG] [Fast Refresh] done in 5220ms @ http://localhost:3000/_next/static/chunks/node_modules_next_dist_1e8vcs8._.js:776
[  858824ms] [LOG] [Fast Refresh] done in 5220ms @ http://localhost:3000/_next/static/chunks/node_modules_next_dist_1e8vcs8._.js:776
[  858873ms] [LOG] [Fast Refresh] done in 5220ms @ http://localhost:3000/_next/static/chunks/node_modules_next_dist_1e8vcs8._.js:776
[  858928ms] [LOG] [Fast Refresh] done in 5220ms @ http://localhost:3000/_next/static/chunks/node_modules_next_dist_1e8vcs8._.js:776
[  858971ms] [LOG] [Fast Refresh] done in 5220ms @ http://localhost:3000/_next/static/chunks/node_modules_next_dist_1e8vcs8._.js:776
[  859023ms] [LOG] [Fast Refresh] done in 5220ms @ http://localhost:3000/_next/static/chunks/node_modules_next_dist_1e8vcs8._.js:776
[  859073ms] [LOG] [Fast Refresh] done in 5220ms @ http://localhost:3000/_next/static/chunks/node_modules_next_dist_1e8vcs8._.js:776
[  859124ms] [LOG] [Fast Refresh] done in 5220ms @ http://localhost:3000/_next/static/chunks/node_modules_next_dist_1e8vcs8._.js:776
[  859173ms] [LOG] [Fast Refresh] done in 5220ms @ http://localhost:3000/_next/static/chunks/node_modules_next_dist_1e8vcs8._.js:776
[  859223ms] [LOG] [Fast Refresh] done in 5220ms @ http://localhost:3000/_next/static/chunks/node_modules_next_dist_1e8vcs8._.js:776
[  859273ms] [LOG] [Fast Refresh] done in 5220ms @ http://localhost:3000/_next/static/chunks/node_modules_next_dist_1e8vcs8._.js:776
[  859323ms] [LOG] [Fast Refresh] done in 5220ms @ http://localhost:3000/_next/static/chunks/node_modules_next_dist_1e8vcs8._.js:776
[  859373ms] [LOG] [Fast Refresh] done in 5220ms @ http://localhost:3000/_next/static/chunks/node_modules_next_dist_1e8vcs8._.js:776
[  859423ms] [LOG] [Fast Refresh] done in 5220ms @ http://localhost:3000/_next/static/chunks/node_modules_next_dist_1e8vcs8._.js:776
[  859473ms] [LOG] [Fast Refresh] done in 5220ms @ http://localhost:3000/_next/static/chunks/node_modules_next_dist_1e8vcs8._.js:776
[  859527ms] [LOG] [Fast Refresh] done in 5220ms @ http://localhost:3000/_next/static/chunks/node_modules_next_dist_1e8vcs8._.js:776
[  859590ms] [LOG] [Fast Refresh] done in 5220ms @ http://localhost:3000/_next/static/chunks/node_modules_next_dist_1e8vcs8._.js:776
[  859640ms] [LOG] [Fast Refresh] done in 5220ms @ http://localhost:3000/_next/static/chunks/node_modules_next_dist_1e8vcs8._.js:776
[  859690ms] [LOG] [Fast Refresh] done in 5220ms @ http://localhost:3000/_next/static/chunks/node_modules_next_dist_1e8vcs8._.js:776
[  859740ms] [LOG] [Fast Refresh] done in 5220ms @ http://localhost:3000/_next/static/chunks/node_modules_next_dist_1e8vcs8._.js:776
[  859790ms] [LOG] [Fast Refresh] done in 5220ms @ http://localhost:3000/_next/static/chunks/node_modules_next_dist_1e8vcs8._.js:776
[  859840ms] [LOG] [Fast Refresh] done in 5220ms @ http://localhost:3000/_next/static/chunks/node_modules_next_dist_1e8vcs8._.js:776
[  859890ms] [LOG] [Fast Refresh] done in 5220ms @ http://localhost:3000/_next/static/chunks/node_modules_next_dist_1e8vcs8._.js:776
[  859939ms] [LOG] [Fast Refresh] done in 5220ms @ http://localhost:3000/_next/static/chunks/node_modules_next_dist_1e8vcs8._.js:776
[  859990ms] [LOG] [Fast Refresh] done in 5220ms @ http://localhost:3000/_next/static/chunks/node_modules_next_dist_1e8vcs8._.js:776
[  860040ms] [LOG] [Fast Refresh] done in 5220ms @ http://localhost:3000/_next/static/chunks/node_modules_next_dist_1e8vcs8._.js:776
[  860090ms] [LOG] [Fast Refresh] done in 5220ms @ http://localhost:3000/_next/static/chunks/node_modules_next_dist_1e8vcs8._.js:776
[  860140ms] [LOG] [Fast Refresh] done in 5220ms @ http://localhost:3000/_next/static/chunks/node_modules_next_dist_1e8vcs8._.js:776
[  860190ms] [LOG] [Fast Refresh] done in 5220ms @ http://localhost:3000/_next/static/chunks/node_modules_next_dist_1e8vcs8._.js:776
[  860241ms] [LOG] [Fast Refresh] done in 5220ms @ http://localhost:3000/_next/static/chunks/node_modules_next_dist_1e8vcs8._.js:776
[  860290ms] [LOG] [Fast Refresh] done in 5220ms @ http://localhost:3000/_next/static/chunks/node_modules_next_dist_1e8vcs8._.js:776
[  860339ms] [LOG] [Fast Refresh] done in 5220ms @ http://localhost:3000/_next/static/chunks/node_modules_next_dist_1e8vcs8._.js:776
[  860390ms] [LOG] [Fast Refresh] done in 5220ms @ http://localhost:3000/_next/static/chunks/node_modules_next_dist_1e8vcs8._.js:776
[  860439ms] [LOG] [Fast Refresh] done in 5220ms @ http://localhost:3000/_next/static/chunks/node_modules_next_dist_1e8vcs8._.js:776
[  860489ms] [LOG] [Fast Refresh] done in 5220ms @ http://localhost:3000/_next/static/chunks/node_modules_next_dist_1e8vcs8._.js:776
[  860539ms] [LOG] [Fast Refresh] done in 5220ms @ http://localhost:3000/_next/static/chunks/node_modules_next_dist_1e8vcs8._.js:776
[  860591ms] [LOG] [Fast Refresh] done in 5220ms @ http://localhost:3000/_next/static/chunks/node_modules_next_dist_1e8vcs8._.js:776
[  860639ms] [LOG] [Fast Refresh] done in 5220ms @ http://localhost:3000/_next/static/chunks/node_modules_next_dist_1e8vcs8._.js:776
[  860689ms] [LOG] [Fast Refresh] done in 5220ms @ http://localhost:3000/_next/static/chunks/node_modules_next_dist_1e8vcs8._.js:776
[  860738ms] [LOG] [Fast Refresh] done in 5220ms @ http://localhost:3000/_next/static/chunks/node_modules_next_dist_1e8vcs8._.js:776
[  860790ms] [LOG] [Fast Refresh] done in 5220ms @ http://localhost:3000/_next/static/chunks/node_modules_next_dist_1e8vcs8._.js:776
[  860838ms] [LOG] [Fast Refresh] done in 5220ms @ http://localhost:3000/_next/static/chunks/node_modules_next_dist_1e8vcs8._.js:776
[  860889ms] [LOG] [Fast Refresh] done in 5220ms @ http://localhost:3000/_next/static/chunks/node_modules_next_dist_1e8vcs8._.js:776
[  860945ms] [LOG] [Fast Refresh] done in 5220ms @ http://localhost:3000/_next/static/chunks/node_modules_next_dist_1e8vcs8._.js:776
[  860990ms] [LOG] [Fast Refresh] done in 5220ms @ http://localhost:3000/_next/static/chunks/node_modules_next_dist_1e8vcs8._.js:776
[  861040ms] [LOG] [Fast Refresh] done in 5220ms @ http://localhost:3000/_next/static/chunks/node_modules_next_dist_1e8vcs8._.js:776
[  861088ms] [LOG] [Fast Refresh] done in 5220ms @ http://localhost:3000/_next/static/chunks/node_modules_next_dist_1e8vcs8._.js:776
[  861140ms] [LOG] [Fast Refresh] done in 5220ms @ http://localhost:3000/_next/static/chunks/node_modules_next_dist_1e8vcs8._.js:776
[  861189ms] [LOG] [Fast Refresh] done in 5220ms @ http://localhost:3000/_next/static/chunks/node_modules_next_dist_1e8vcs8._.js:776
[  861240ms] [LOG] [Fast Refresh] done in 5220ms @ http://localhost:3000/_next/static/chunks/node_modules_next_dist_1e8vcs8._.js:776
[  861291ms] [LOG] [Fast Refresh] done in 5220ms @ http://localhost:3000/_next/static/chunks/node_modules_next_dist_1e8vcs8._.js:776
[  861339ms] [LOG] [Fast Refresh] done in 5220ms @ http://localhost:3000/_next/static/chunks/node_modules_next_dist_1e8vcs8._.js:776
[  861389ms] [LOG] [Fast Refresh] done in 5220ms @ http://localhost:3000/_next/static/chunks/node_modules_next_dist_1e8vcs8._.js:776
[  861439ms] [LOG] [Fast Refresh] done in 5220ms @ http://localhost:3000/_next/static/chunks/node_modules_next_dist_1e8vcs8._.js:776
[  861489ms] [LOG] [Fast Refresh] done in 5220ms @ http://localhost:3000/_next/static/chunks/node_modules_next_dist_1e8vcs8._.js:776
[  861539ms] [LOG] [Fast Refresh] done in 5220ms @ http://localhost:3000/_next/static/chunks/node_modules_next_dist_1e8vcs8._.js:776
[  861589ms] [LOG] [Fast Refresh] done in 5220ms @ http://localhost:3000/_next/static/chunks/node_modules_next_dist_1e8vcs8._.js:776
[  861639ms] [LOG] [Fast Refresh] done in 5220ms @ http://localhost:3000/_next/static/chunks/node_modules_next_dist_1e8vcs8._.js:776
[  861688ms] [LOG] [Fast Refresh] done in 5220ms @ http://localhost:3000/_next/static/chunks/node_modules_next_dist_1e8vcs8._.js:776
[  861741ms] [LOG] [Fast Refresh] done in 5220ms @ http://localhost:3000/_next/static/chunks/node_modules_next_dist_1e8vcs8._.js:776
[  861790ms] [LOG] [Fast Refresh] done in 5220ms @ http://localhost:3000/_next/static/chunks/node_modules_next_dist_1e8vcs8._.js:776
[  861840ms] [LOG] [Fast Refresh] done in 5220ms @ http://localhost:3000/_next/static/chunks/node_modules_next_dist_1e8vcs8._.js:776
[  861890ms] [LOG] [Fast Refresh] done in 5220ms @ http://localhost:3000/_next/static/chunks/node_modules_next_dist_1e8vcs8._.js:776
[  861938ms] [LOG] [Fast Refresh] done in 5220ms @ http://localhost:3000/_next/static/chunks/node_modules_next_dist_1e8vcs8._.js:776
[  861990ms] [LOG] [Fast Refresh] done in 5220ms @ http://localhost:3000/_next/static/chunks/node_modules_next_dist_1e8vcs8._.js:776
[  862039ms] [LOG] [Fast Refresh] done in 5220ms @ http://localhost:3000/_next/static/chunks/node_modules_next_dist_1e8vcs8._.js:776
[  862090ms] [LOG] [Fast Refresh] done in 5220ms @ http://localhost:3000/_next/static/chunks/node_modules_next_dist_1e8vcs8._.js:776
[  862140ms] [LOG] [Fast Refresh] done in 5220ms @ http://localhost:3000/_next/static/chunks/node_modules_next_dist_1e8vcs8._.js:776
[  862190ms] [LOG] [Fast Refresh] done in 5220ms @ http://localhost:3000/_next/static/chunks/node_modules_next_dist_1e8vcs8._.js:776
[  862238ms] [LOG] [Fast Refresh] done in 5220ms @ http://localhost:3000/_next/static/chunks/node_modules_next_dist_1e8vcs8._.js:776
[  862290ms] [LOG] [Fast Refresh] done in 5220ms @ http://localhost:3000/_next/static/chunks/node_modules_next_dist_1e8vcs8._.js:776
[  862339ms] [LOG] [Fast Refresh] done in 5220ms @ http://localhost:3000/_next/static/chunks/node_modules_next_dist_1e8vcs8._.js:776
[  862390ms] [LOG] [Fast Refresh] done in 5220ms @ http://localhost:3000/_next/static/chunks/node_modules_next_dist_1e8vcs8._.js:776
[  862441ms] [LOG] [Fast Refresh] done in 5220ms @ http://localhost:3000/_next/static/chunks/node_modules_next_dist_1e8vcs8._.js:776
[  862490ms] [LOG] [Fast Refresh] done in 5220ms @ http://localhost:3000/_next/static/chunks/node_modules_next_dist_1e8vcs8._.js:776
[  862539ms] [LOG] [Fast Refresh] done in 5220ms @ http://localhost:3000/_next/static/chunks/node_modules_next_dist_1e8vcs8._.js:776
[  862590ms] [LOG] [Fast Refresh] done in 5220ms @ http://localhost:3000/_next/static/chunks/node_modules_next_dist_1e8vcs8._.js:776
[  862639ms] [LOG] [Fast Refresh] done in 5220ms @ http://localhost:3000/_next/static/chunks/node_modules_next_dist_1e8vcs8._.js:776
[  862689ms] [LOG] [Fast Refresh] done in 5220ms @ http://localhost:3000/_next/static/chunks/node_modules_next_dist_1e8vcs8._.js:776
[  862739ms] [LOG] [Fast Refresh] done in 5220ms @ http://localhost:3000/_next/static/chunks/node_modules_next_dist_1e8vcs8._.js:776
[  862789ms] [LOG] [Fast Refresh] done in 5220ms @ http://localhost:3000/_next/static/chunks/node_modules_next_dist_1e8vcs8._.js:776
[  862839ms] [LOG] [Fast Refresh] done in 5220ms @ http://localhost:3000/_next/static/chunks/node_modules_next_dist_1e8vcs8._.js:776
[  862889ms] [LOG] [Fast Refresh] done in 5220ms @ http://localhost:3000/_next/static/chunks/node_modules_next_dist_1e8vcs8._.js:776
[  862940ms] [LOG] [Fast Refresh] done in 5220ms @ http://localhost:3000/_next/static/chunks/node_modules_next_dist_1e8vcs8._.js:776
[  862988ms] [LOG] [Fast Refresh] done in 5220ms @ http://localhost:3000/_next/static/chunks/node_modules_next_dist_1e8vcs8._.js:776
[  863039ms] [LOG] [Fast Refresh] done in 5220ms @ http://localhost:3000/_next/static/chunks/node_modules_next_dist_1e8vcs8._.js:776
[  863089ms] [LOG] [Fast Refresh] done in 5220ms @ http://localhost:3000/_next/static/chunks/node_modules_next_dist_1e8vcs8._.js:776
[  863139ms] [LOG] [Fast Refresh] done in 5220ms @ http://localhost:3000/_next/static/chunks/node_modules_next_dist_1e8vcs8._.js:776
[  863190ms] [LOG] [Fast Refresh] done in 5220ms @ http://localhost:3000/_next/static/chunks/node_modules_next_dist_1e8vcs8._.js:776
[  863238ms] [LOG] [Fast Refresh] done in 5220ms @ http://localhost:3000/_next/static/chunks/node_modules_next_dist_1e8vcs8._.js:776
[  863290ms] [LOG] [Fast Refresh] done in 5220ms @ http://localhost:3000/_next/static/chunks/node_modules_next_dist_1e8vcs8._.js:776
[  863340ms] [LOG] [Fast Refresh] done in 5220ms @ http://localhost:3000/_next/static/chunks/node_modules_next_dist_1e8vcs8._.js:776
[  863390ms] [LOG] [Fast Refresh] done in 5220ms @ http://localhost:3000/_next/static/chunks/node_modules_next_dist_1e8vcs8._.js:776
[  863439ms] [LOG] [Fast Refresh] done in 5220ms @ http://localhost:3000/_next/static/chunks/node_modules_next_dist_1e8vcs8._.js:776
[  863489ms] [LOG] [Fast Refresh] done in 5220ms @ http://localhost:3000/_next/static/chunks/node_modules_next_dist_1e8vcs8._.js:776
[  863539ms] [LOG] [Fast Refresh] done in 5220ms @ http://localhost:3000/_next/static/chunks/node_modules_next_dist_1e8vcs8._.js:776
[  863589ms] [LOG] [Fast Refresh] done in 5220ms @ http://localhost:3000/_next/static/chunks/node_modules_next_dist_1e8vcs8._.js:776
[  863640ms] [LOG] [Fast Refresh] done in 5220ms @ http://localhost:3000/_next/static/chunks/node_modules_next_dist_1e8vcs8._.js:776
[  863690ms] [LOG] [Fast Refresh] done in 5220ms @ http://localhost:3000/_next/static/chunks/node_modules_next_dist_1e8vcs8._.js:776
[  863740ms] [LOG] [Fast Refresh] done in 5220ms @ http://localhost:3000/_next/static/chunks/node_modules_next_dist_1e8vcs8._.js:776
[  863789ms] [LOG] [Fast Refresh] done in 5220ms @ http://localhost:3000/_next/static/chunks/node_modules_next_dist_1e8vcs8._.js:776
[  863839ms] [LOG] [Fast Refresh] done in 5220ms @ http://localhost:3000/_next/static/chunks/node_modules_next_dist_1e8vcs8._.js:776
[  863889ms] [LOG] [Fast Refresh] done in 5220ms @ http://localhost:3000/_next/static/chunks/node_modules_next_dist_1e8vcs8._.js:776
[  863939ms] [LOG] [Fast Refresh] done in 5220ms @ http://localhost:3000/_next/static/chunks/node_modules_next_dist_1e8vcs8._.js:776
[  863990ms] [LOG] [Fast Refresh] done in 5220ms @ http://localhost:3000/_next/static/chunks/node_modules_next_dist_1e8vcs8._.js:776
[  864039ms] [LOG] [Fast Refresh] done in 5220ms @ http://localhost:3000/_next/static/chunks/node_modules_next_dist_1e8vcs8._.js:776
[  864090ms] [LOG] [Fast Refresh] done in 5220ms @ http://localhost:3000/_next/static/chunks/node_modules_next_dist_1e8vcs8._.js:776
[  864139ms] [LOG] [Fast Refresh] done in 5220ms @ http://localhost:3000/_next/static/chunks/node_modules_next_dist_1e8vcs8._.js:776
[  864190ms] [LOG] [Fast Refresh] done in 5220ms @ http://localhost:3000/_next/static/chunks/node_modules_next_dist_1e8vcs8._.js:776
[  864241ms] [LOG] [Fast Refresh] done in 5220ms @ http://localhost:3000/_next/static/chunks/node_modules_next_dist_1e8vcs8._.js:776
[  864290ms] [LOG] [Fast Refresh] done in 5220ms @ http://localhost:3000/_next/static/chunks/node_modules_next_dist_1e8vcs8._.js:776
[  864339ms] [LOG] [Fast Refresh] done in 5220ms @ http://localhost:3000/_next/static/chunks/node_modules_next_dist_1e8vcs8._.js:776
[  864389ms] [LOG] [Fast Refresh] done in 5220ms @ http://localhost:3000/_next/static/chunks/node_modules_next_dist_1e8vcs8._.js:776
[  864439ms] [LOG] [Fast Refresh] done in 5220ms @ http://localhost:3000/_next/static/chunks/node_modules_next_dist_1e8vcs8._.js:776
[  864490ms] [LOG] [Fast Refresh] done in 5220ms @ http://localhost:3000/_next/static/chunks/node_modules_next_dist_1e8vcs8._.js:776
[  864539ms] [LOG] [Fast Refresh] done in 5220ms @ http://localhost:3000/_next/static/chunks/node_modules_next_dist_1e8vcs8._.js:776
[  864590ms] [LOG] [Fast Refresh] done in 5220ms @ http://localhost:3000/_next/static/chunks/node_modules_next_dist_1e8vcs8._.js:776
[  864640ms] [LOG] [Fast Refresh] done in 5220ms @ http://localhost:3000/_next/static/chunks/node_modules_next_dist_1e8vcs8._.js:776
[  864690ms] [LOG] [Fast Refresh] done in 5220ms @ http://localhost:3000/_next/static/chunks/node_modules_next_dist_1e8vcs8._.js:776
[  864739ms] [LOG] [Fast Refresh] done in 5220ms @ http://localhost:3000/_next/static/chunks/node_modules_next_dist_1e8vcs8._.js:776
[  864789ms] [LOG] [Fast Refresh] done in 5220ms @ http://localhost:3000/_next/static/chunks/node_modules_next_dist_1e8vcs8._.js:776
[  864838ms] [LOG] [Fast Refresh] done in 5220ms @ http://localhost:3000/_next/static/chunks/node_modules_next_dist_1e8vcs8._.js:776
[  864889ms] [LOG] [Fast Refresh] done in 5220ms @ http://localhost:3000/_next/static/chunks/node_modules_next_dist_1e8vcs8._.js:776
[  864939ms] [LOG] [Fast Refresh] done in 5220ms @ http://localhost:3000/_next/static/chunks/node_modules_next_dist_1e8vcs8._.js:776
[  864994ms] [LOG] [Fast Refresh] done in 5220ms @ http://localhost:3000/_next/static/chunks/node_modules_next_dist_1e8vcs8._.js:776
[  865040ms] [LOG] [Fast Refresh] done in 5220ms @ http://localhost:3000/_next/static/chunks/node_modules_next_dist_1e8vcs8._.js:776
[  865090ms] [LOG] [Fast Refresh] done in 5220ms @ http://localhost:3000/_next/static/chunks/node_modules_next_dist_1e8vcs8._.js:776
[  865140ms] [LOG] [Fast Refresh] done in 5220ms @ http://localhost:3000/_next/static/chunks/node_modules_next_dist_1e8vcs8._.js:776
[  865189ms] [LOG] [Fast Refresh] done in 5220ms @ http://localhost:3000/_next/static/chunks/node_modules_next_dist_1e8vcs8._.js:776
[  865240ms] [LOG] [Fast Refresh] done in 5220ms @ http://localhost:3000/_next/static/chunks/node_modules_next_dist_1e8vcs8._.js:776
[  865290ms] [LOG] [Fast Refresh] done in 5220ms @ http://localhost:3000/_next/static/chunks/node_modules_next_dist_1e8vcs8._.js:776
[  865339ms] [LOG] [Fast Refresh] done in 5220ms @ http://localhost:3000/_next/static/chunks/node_modules_next_dist_1e8vcs8._.js:776
[  865389ms] [LOG] [Fast Refresh] done in 5220ms @ http://localhost:3000/_next/static/chunks/node_modules_next_dist_1e8vcs8._.js:776
[  865439ms] [LOG] [Fast Refresh] done in 5220ms @ http://localhost:3000/_next/static/chunks/node_modules_next_dist_1e8vcs8._.js:776
[  865490ms] [LOG] [Fast Refresh] done in 5220ms @ http://localhost:3000/_next/static/chunks/node_modules_next_dist_1e8vcs8._.js:776
[  865540ms] [LOG] [Fast Refresh] done in 5220ms @ http://localhost:3000/_next/static/chunks/node_modules_next_dist_1e8vcs8._.js:776
[  865589ms] [LOG] [Fast Refresh] done in 5220ms @ http://localhost:3000/_next/static/chunks/node_modules_next_dist_1e8vcs8._.js:776
[  865639ms] [LOG] [Fast Refresh] done in 5220ms @ http://localhost:3000/_next/static/chunks/node_modules_next_dist_1e8vcs8._.js:776
[  865689ms] [LOG] [Fast Refresh] done in 5220ms @ http://localhost:3000/_next/static/chunks/node_modules_next_dist_1e8vcs8._.js:776
[  865740ms] [LOG] [Fast Refresh] done in 5220ms @ http://localhost:3000/_next/static/chunks/node_modules_next_dist_1e8vcs8._.js:776
[  865789ms] [LOG] [Fast Refresh] done in 5220ms @ http://localhost:3000/_next/static/chunks/node_modules_next_dist_1e8vcs8._.js:776
[  865840ms] [LOG] [Fast Refresh] done in 5220ms @ http://localhost:3000/_next/static/chunks/node_modules_next_dist_1e8vcs8._.js:776
[  865888ms] [LOG] [Fast Refresh] done in 5220ms @ http://localhost:3000/_next/static/chunks/node_modules_next_dist_1e8vcs8._.js:776
[  865939ms] [LOG] [Fast Refresh] done in 5220ms @ http://localhost:3000/_next/static/chunks/node_modules_next_dist_1e8vcs8._.js:776
[  865989ms] [LOG] [Fast Refresh] done in 5220ms @ http://localhost:3000/_next/static/chunks/node_modules_next_dist_1e8vcs8._.js:776
[  866038ms] [LOG] [Fast Refresh] done in 5220ms @ http://localhost:3000/_next/static/chunks/node_modules_next_dist_1e8vcs8._.js:776
[  866089ms] [LOG] [Fast Refresh] done in 5220ms @ http://localhost:3000/_next/static/chunks/node_modules_next_dist_1e8vcs8._.js:776
[  866138ms] [LOG] [Fast Refresh] done in 5220ms @ http://localhost:3000/_next/static/chunks/node_modules_next_dist_1e8vcs8._.js:776
[  866188ms] [LOG] [Fast Refresh] done in 5220ms @ http://localhost:3000/_next/static/chunks/node_modules_next_dist_1e8vcs8._.js:776
[  866239ms] [LOG] [Fast Refresh] done in 5220ms @ http://localhost:3000/_next/static/chunks/node_modules_next_dist_1e8vcs8._.js:776
[  866290ms] [LOG] [Fast Refresh] done in 5220ms @ http://localhost:3000/_next/static/chunks/node_modules_next_dist_1e8vcs8._.js:776
[  866340ms] [LOG] [Fast Refresh] done in 5220ms @ http://localhost:3000/_next/static/chunks/node_modules_next_dist_1e8vcs8._.js:776
[  866389ms] [LOG] [Fast Refresh] done in 5220ms @ http://localhost:3000/_next/static/chunks/node_modules_next_dist_1e8vcs8._.js:776
[  866439ms] [LOG] [Fast Refresh] done in 5220ms @ http://localhost:3000/_next/static/chunks/node_modules_next_dist_1e8vcs8._.js:776
[  866489ms] [LOG] [Fast Refresh] done in 5220ms @ http://localhost:3000/_next/static/chunks/node_modules_next_dist_1e8vcs8._.js:776
[  866539ms] [LOG] [Fast Refresh] done in 5220ms @ http://localhost:3000/_next/static/chunks/node_modules_next_dist_1e8vcs8._.js:776
[  866589ms] [LOG] [Fast Refresh] done in 5220ms @ http://localhost:3000/_next/static/chunks/node_modules_next_dist_1e8vcs8._.js:776
[  866640ms] [LOG] [Fast Refresh] done in 5220ms @ http://localhost:3000/_next/static/chunks/node_modules_next_dist_1e8vcs8._.js:776
[  866689ms] [LOG] [Fast Refresh] done in 5220ms @ http://localhost:3000/_next/static/chunks/node_modules_next_dist_1e8vcs8._.js:776
[  866739ms] [LOG] [Fast Refresh] done in 5220ms @ http://localhost:3000/_next/static/chunks/node_modules_next_dist_1e8vcs8._.js:776
[  866789ms] [LOG] [Fast Refresh] done in 5220ms @ http://localhost:3000/_next/static/chunks/node_modules_next_dist_1e8vcs8._.js:776
[  866840ms] [LOG] [Fast Refresh] done in 5220ms @ http://localhost:3000/_next/static/chunks/node_modules_next_dist_1e8vcs8._.js:776
[  866890ms] [LOG] [Fast Refresh] done in 5220ms @ http://localhost:3000/_next/static/chunks/node_modules_next_dist_1e8vcs8._.js:776
[  866939ms] [LOG] [Fast Refresh] done in 5220ms @ http://localhost:3000/_next/static/chunks/node_modules_next_dist_1e8vcs8._.js:776
[  866989ms] [LOG] [Fast Refresh] done in 5220ms @ http://localhost:3000/_next/static/chunks/node_modules_next_dist_1e8vcs8._.js:776
[  867039ms] [LOG] [Fast Refresh] done in 5220ms @ http://localhost:3000/_next/static/chunks/node_modules_next_dist_1e8vcs8._.js:776
[  867089ms] [LOG] [Fast Refresh] done in 5220ms @ http://localhost:3000/_next/static/chunks/node_modules_next_dist_1e8vcs8._.js:776
[  867139ms] [LOG] [Fast Refresh] done in 5220ms @ http://localhost:3000/_next/static/chunks/node_modules_next_dist_1e8vcs8._.js:776
[  867189ms] [LOG] [Fast Refresh] done in 5220ms @ http://localhost:3000/_next/static/chunks/node_modules_next_dist_1e8vcs8._.js:776
[  867239ms] [LOG] [Fast Refresh] done in 5220ms @ http://localhost:3000/_next/static/chunks/node_modules_next_dist_1e8vcs8._.js:776
[  867290ms] [LOG] [Fast Refresh] done in 5220ms @ http://localhost:3000/_next/static/chunks/node_modules_next_dist_1e8vcs8._.js:776
[  867340ms] [LOG] [Fast Refresh] done in 5220ms @ http://localhost:3000/_next/static/chunks/node_modules_next_dist_1e8vcs8._.js:776
[  867392ms] [LOG] [Fast Refresh] done in 5220ms @ http://localhost:3000/_next/static/chunks/node_modules_next_dist_1e8vcs8._.js:776
[  867440ms] [LOG] [Fast Refresh] done in 5220ms @ http://localhost:3000/_next/static/chunks/node_modules_next_dist_1e8vcs8._.js:776
[  867489ms] [LOG] [Fast Refresh] done in 5220ms @ http://localhost:3000/_next/static/chunks/node_modules_next_dist_1e8vcs8._.js:776
[  867540ms] [LOG] [Fast Refresh] done in 5220ms @ http://localhost:3000/_next/static/chunks/node_modules_next_dist_1e8vcs8._.js:776
[  867590ms] [LOG] [Fast Refresh] done in 5220ms @ http://localhost:3000/_next/static/chunks/node_modules_next_dist_1e8vcs8._.js:776
[  867640ms] [LOG] [Fast Refresh] done in 5220ms @ http://localhost:3000/_next/static/chunks/node_modules_next_dist_1e8vcs8._.js:776
[  867689ms] [LOG] [Fast Refresh] done in 5220ms @ http://localhost:3000/_next/static/chunks/node_modules_next_dist_1e8vcs8._.js:776
[  867739ms] [LOG] [Fast Refresh] done in 5220ms @ http://localhost:3000/_next/static/chunks/node_modules_next_dist_1e8vcs8._.js:776
[  867789ms] [LOG] [Fast Refresh] done in 5220ms @ http://localhost:3000/_next/static/chunks/node_modules_next_dist_1e8vcs8._.js:776
[  867839ms] [LOG] [Fast Refresh] done in 5220ms @ http://localhost:3000/_next/static/chunks/node_modules_next_dist_1e8vcs8._.js:776
[  867890ms] [LOG] [Fast Refresh] done in 5220ms @ http://localhost:3000/_next/static/chunks/node_modules_next_dist_1e8vcs8._.js:776
[  867938ms] [LOG] [Fast Refresh] done in 5220ms @ http://localhost:3000/_next/static/chunks/node_modules_next_dist_1e8vcs8._.js:776
[  867991ms] [LOG] [Fast Refresh] done in 5220ms @ http://localhost:3000/_next/static/chunks/node_modules_next_dist_1e8vcs8._.js:776
[  868039ms] [LOG] [Fast Refresh] done in 5220ms @ http://localhost:3000/_next/static/chunks/node_modules_next_dist_1e8vcs8._.js:776
[  868090ms] [LOG] [Fast Refresh] done in 5220ms @ http://localhost:3000/_next/static/chunks/node_modules_next_dist_1e8vcs8._.js:776
[  868139ms] [LOG] [Fast Refresh] done in 5220ms @ http://localhost:3000/_next/static/chunks/node_modules_next_dist_1e8vcs8._.js:776
[  868189ms] [LOG] [Fast Refresh] done in 5220ms @ http://localhost:3000/_next/static/chunks/node_modules_next_dist_1e8vcs8._.js:776
[  868239ms] [LOG] [Fast Refresh] done in 5220ms @ http://localhost:3000/_next/static/chunks/node_modules_next_dist_1e8vcs8._.js:776
[  868289ms] [LOG] [Fast Refresh] done in 5220ms @ http://localhost:3000/_next/static/chunks/node_modules_next_dist_1e8vcs8._.js:776
[  868340ms] [LOG] [Fast Refresh] done in 5220ms @ http://localhost:3000/_next/static/chunks/node_modules_next_dist_1e8vcs8._.js:776
[  868390ms] [LOG] [Fast Refresh] done in 5220ms @ http://localhost:3000/_next/static/chunks/node_modules_next_dist_1e8vcs8._.js:776
[  868439ms] [LOG] [Fast Refresh] done in 5220ms @ http://localhost:3000/_next/static/chunks/node_modules_next_dist_1e8vcs8._.js:776
[  868490ms] [LOG] [Fast Refresh] done in 5220ms @ http://localhost:3000/_next/static/chunks/node_modules_next_dist_1e8vcs8._.js:776
[  868539ms] [LOG] [Fast Refresh] done in 5220ms @ http://localhost:3000/_next/static/chunks/node_modules_next_dist_1e8vcs8._.js:776
[  868589ms] [LOG] [Fast Refresh] done in 5220ms @ http://localhost:3000/_next/static/chunks/node_modules_next_dist_1e8vcs8._.js:776
[  868639ms] [LOG] [Fast Refresh] done in 5220ms @ http://localhost:3000/_next/static/chunks/node_modules_next_dist_1e8vcs8._.js:776
[  868689ms] [LOG] [Fast Refresh] done in 5220ms @ http://localhost:3000/_next/static/chunks/node_modules_next_dist_1e8vcs8._.js:776
[  868740ms] [LOG] [Fast Refresh] done in 5220ms @ http://localhost:3000/_next/static/chunks/node_modules_next_dist_1e8vcs8._.js:776
[  868789ms] [LOG] [Fast Refresh] done in 5220ms @ http://localhost:3000/_next/static/chunks/node_modules_next_dist_1e8vcs8._.js:776
[  868839ms] [LOG] [Fast Refresh] done in 5220ms @ http://localhost:3000/_next/static/chunks/node_modules_next_dist_1e8vcs8._.js:776
[  868889ms] [LOG] [Fast Refresh] done in 5220ms @ http://localhost:3000/_next/static/chunks/node_modules_next_dist_1e8vcs8._.js:776
[  868939ms] [LOG] [Fast Refresh] done in 5220ms @ http://localhost:3000/_next/static/chunks/node_modules_next_dist_1e8vcs8._.js:776
[  868990ms] [LOG] [Fast Refresh] done in 5220ms @ http://localhost:3000/_next/static/chunks/node_modules_next_dist_1e8vcs8._.js:776
[  869045ms] [LOG] [Fast Refresh] done in 5220ms @ http://localhost:3000/_next/static/chunks/node_modules_next_dist_1e8vcs8._.js:776
[  869090ms] [LOG] [Fast Refresh] done in 5220ms @ http://localhost:3000/_next/static/chunks/node_modules_next_dist_1e8vcs8._.js:776
[  869139ms] [LOG] [Fast Refresh] done in 5220ms @ http://localhost:3000/_next/static/chunks/node_modules_next_dist_1e8vcs8._.js:776
[  869189ms] [LOG] [Fast Refresh] done in 5220ms @ http://localhost:3000/_next/static/chunks/node_modules_next_dist_1e8vcs8._.js:776
[  869239ms] [LOG] [Fast Refresh] done in 5220ms @ http://localhost:3000/_next/static/chunks/node_modules_next_dist_1e8vcs8._.js:776
[  869289ms] [LOG] [Fast Refresh] done in 5220ms @ http://localhost:3000/_next/static/chunks/node_modules_next_dist_1e8vcs8._.js:776
[  869339ms] [LOG] [Fast Refresh] done in 5220ms @ http://localhost:3000/_next/static/chunks/node_modules_next_dist_1e8vcs8._.js:776
[  869388ms] [LOG] [Fast Refresh] done in 5220ms @ http://localhost:3000/_next/static/chunks/node_modules_next_dist_1e8vcs8._.js:776
[  869439ms] [LOG] [Fast Refresh] done in 5220ms @ http://localhost:3000/_next/static/chunks/node_modules_next_dist_1e8vcs8._.js:776
[  869489ms] [LOG] [Fast Refresh] done in 5220ms @ http://localhost:3000/_next/static/chunks/node_modules_next_dist_1e8vcs8._.js:776
[  869539ms] [LOG] [Fast Refresh] done in 5220ms @ http://localhost:3000/_next/static/chunks/node_modules_next_dist_1e8vcs8._.js:776
[  869589ms] [LOG] [Fast Refresh] done in 5220ms @ http://localhost:3000/_next/static/chunks/node_modules_next_dist_1e8vcs8._.js:776
[  869639ms] [LOG] [Fast Refresh] done in 5220ms @ http://localhost:3000/_next/static/chunks/node_modules_next_dist_1e8vcs8._.js:776
[  869691ms] [LOG] [Fast Refresh] done in 5220ms @ http://localhost:3000/_next/static/chunks/node_modules_next_dist_1e8vcs8._.js:776
[  869740ms] [LOG] [Fast Refresh] done in 5220ms @ http://localhost:3000/_next/static/chunks/node_modules_next_dist_1e8vcs8._.js:776
[  869789ms] [LOG] [Fast Refresh] done in 5220ms @ http://localhost:3000/_next/static/chunks/node_modules_next_dist_1e8vcs8._.js:776
[  869840ms] [LOG] [Fast Refresh] done in 5220ms @ http://localhost:3000/_next/static/chunks/node_modules_next_dist_1e8vcs8._.js:776
[  869888ms] [LOG] [Fast Refresh] done in 5220ms @ http://localhost:3000/_next/static/chunks/node_modules_next_dist_1e8vcs8._.js:776
[  869956ms] [LOG] [Fast Refresh] done in 5220ms @ http://localhost:3000/_next/static/chunks/node_modules_next_dist_1e8vcs8._.js:776
[  870006ms] [LOG] [Fast Refresh] done in 5220ms @ http://localhost:3000/_next/static/chunks/node_modules_next_dist_1e8vcs8._.js:776
[  870061ms] [LOG] [Fast Refresh] done in 5220ms @ http://localhost:3000/_next/static/chunks/node_modules_next_dist_1e8vcs8._.js:776
[  870104ms] [LOG] [Fast Refresh] done in 5220ms @ http://localhost:3000/_next/static/chunks/node_modules_next_dist_1e8vcs8._.js:776
[  870156ms] [LOG] [Fast Refresh] done in 5220ms @ http://localhost:3000/_next/static/chunks/node_modules_next_dist_1e8vcs8._.js:776
[  870206ms] [LOG] [Fast Refresh] done in 5220ms @ http://localhost:3000/_next/static/chunks/node_modules_next_dist_1e8vcs8._.js:776
[  870255ms] [LOG] [Fast Refresh] done in 5220ms @ http://localhost:3000/_next/static/chunks/node_modules_next_dist_1e8vcs8._.js:776
[  870306ms] [LOG] [Fast Refresh] done in 5220ms @ http://localhost:3000/_next/static/chunks/node_modules_next_dist_1e8vcs8._.js:776
[  870356ms] [LOG] [Fast Refresh] done in 5220ms @ http://localhost:3000/_next/static/chunks/node_modules_next_dist_1e8vcs8._.js:776
[  870423ms] [LOG] [Fast Refresh] done in 5220ms @ http://localhost:3000/_next/static/chunks/node_modules_next_dist_1e8vcs8._.js:776
[  870490ms] [LOG] [Fast Refresh] done in 5220ms @ http://localhost:3000/_next/static/chunks/node_modules_next_dist_1e8vcs8._.js:776
[  870540ms] [LOG] [Fast Refresh] done in 5220ms @ http://localhost:3000/_next/static/chunks/node_modules_next_dist_1e8vcs8._.js:776
[  870589ms] [LOG] [Fast Refresh] done in 5220ms @ http://localhost:3000/_next/static/chunks/node_modules_next_dist_1e8vcs8._.js:776
[  870639ms] [LOG] [Fast Refresh] done in 5220ms @ http://localhost:3000/_next/static/chunks/node_modules_next_dist_1e8vcs8._.js:776
[  870689ms] [LOG] [Fast Refresh] done in 5220ms @ http://localhost:3000/_next/static/chunks/node_modules_next_dist_1e8vcs8._.js:776
[  870739ms] [LOG] [Fast Refresh] done in 5220ms @ http://localhost:3000/_next/static/chunks/node_modules_next_dist_1e8vcs8._.js:776
[  870789ms] [LOG] [Fast Refresh] done in 5220ms @ http://localhost:3000/_next/static/chunks/node_modules_next_dist_1e8vcs8._.js:776
[  870839ms] [LOG] [Fast Refresh] done in 5220ms @ http://localhost:3000/_next/static/chunks/node_modules_next_dist_1e8vcs8._.js:776
[  870888ms] [LOG] [Fast Refresh] done in 5220ms @ http://localhost:3000/_next/static/chunks/node_modules_next_dist_1e8vcs8._.js:776
[  870939ms] [LOG] [Fast Refresh] done in 5220ms @ http://localhost:3000/_next/static/chunks/node_modules_next_dist_1e8vcs8._.js:776
[  870990ms] [LOG] [Fast Refresh] done in 5220ms @ http://localhost:3000/_next/static/chunks/node_modules_next_dist_1e8vcs8._.js:776
[  871039ms] [LOG] [Fast Refresh] done in 5220ms @ http://localhost:3000/_next/static/chunks/node_modules_next_dist_1e8vcs8._.js:776
[  871089ms] [LOG] [Fast Refresh] done in 5220ms @ http://localhost:3000/_next/static/chunks/node_modules_next_dist_1e8vcs8._.js:776
[  871139ms] [LOG] [Fast Refresh] done in 5220ms @ http://localhost:3000/_next/static/chunks/node_modules_next_dist_1e8vcs8._.js:776
[  871189ms] [LOG] [Fast Refresh] done in 5220ms @ http://localhost:3000/_next/static/chunks/node_modules_next_dist_1e8vcs8._.js:776
[  871239ms] [LOG] [Fast Refresh] done in 5220ms @ http://localhost:3000/_next/static/chunks/node_modules_next_dist_1e8vcs8._.js:776
[  871291ms] [LOG] [Fast Refresh] done in 5220ms @ http://localhost:3000/_next/static/chunks/node_modules_next_dist_1e8vcs8._.js:776
[  871340ms] [LOG] [Fast Refresh] done in 5220ms @ http://localhost:3000/_next/static/chunks/node_modules_next_dist_1e8vcs8._.js:776
[  871388ms] [LOG] [Fast Refresh] done in 5220ms @ http://localhost:3000/_next/static/chunks/node_modules_next_dist_1e8vcs8._.js:776
[  871439ms] [LOG] [Fast Refresh] done in 5220ms @ http://localhost:3000/_next/static/chunks/node_modules_next_dist_1e8vcs8._.js:776
[  871491ms] [LOG] [Fast Refresh] done in 5220ms @ http://localhost:3000/_next/static/chunks/node_modules_next_dist_1e8vcs8._.js:776
[  871557ms] [LOG] [Fast Refresh] done in 5220ms @ http://localhost:3000/_next/static/chunks/node_modules_next_dist_1e8vcs8._.js:776
[  871605ms] [LOG] [Fast Refresh] done in 5220ms @ http://localhost:3000/_next/static/chunks/node_modules_next_dist_1e8vcs8._.js:776
[  871656ms] [LOG] [Fast Refresh] done in 5220ms @ http://localhost:3000/_next/static/chunks/node_modules_next_dist_1e8vcs8._.js:776
[  871706ms] [LOG] [Fast Refresh] done in 5220ms @ http://localhost:3000/_next/static/chunks/node_modules_next_dist_1e8vcs8._.js:776
[  871756ms] [LOG] [Fast Refresh] done in 5220ms @ http://localhost:3000/_next/static/chunks/node_modules_next_dist_1e8vcs8._.js:776
[  871805ms] [LOG] [Fast Refresh] done in 5220ms @ http://localhost:3000/_next/static/chunks/node_modules_next_dist_1e8vcs8._.js:776
[  871856ms] [LOG] [Fast Refresh] done in 5220ms @ http://localhost:3000/_next/static/chunks/node_modules_next_dist_1e8vcs8._.js:776
[  871906ms] [LOG] [Fast Refresh] done in 5220ms @ http://localhost:3000/_next/static/chunks/node_modules_next_dist_1e8vcs8._.js:776
[  871956ms] [LOG] [Fast Refresh] done in 5220ms @ http://localhost:3000/_next/static/chunks/node_modules_next_dist_1e8vcs8._.js:776
[  872006ms] [LOG] [Fast Refresh] done in 5220ms @ http://localhost:3000/_next/static/chunks/node_modules_next_dist_1e8vcs8._.js:776
[  872055ms] [LOG] [Fast Refresh] done in 5220ms @ http://localhost:3000/_next/static/chunks/node_modules_next_dist_1e8vcs8._.js:776
[  872105ms] [LOG] [Fast Refresh] done in 5220ms @ http://localhost:3000/_next/static/chunks/node_modules_next_dist_1e8vcs8._.js:776
[  872155ms] [LOG] [Fast Refresh] done in 5220ms @ http://localhost:3000/_next/static/chunks/node_modules_next_dist_1e8vcs8._.js:776
[  872205ms] [LOG] [Fast Refresh] done in 5220ms @ http://localhost:3000/_next/static/chunks/node_modules_next_dist_1e8vcs8._.js:776
[  872255ms] [LOG] [Fast Refresh] done in 5220ms @ http://localhost:3000/_next/static/chunks/node_modules_next_dist_1e8vcs8._.js:776
[  872306ms] [LOG] [Fast Refresh] done in 5220ms @ http://localhost:3000/_next/static/chunks/node_modules_next_dist_1e8vcs8._.js:776
[  872357ms] [LOG] [Fast Refresh] done in 5220ms @ http://localhost:3000/_next/static/chunks/node_modules_next_dist_1e8vcs8._.js:776
[  872406ms] [LOG] [Fast Refresh] done in 5220ms @ http://localhost:3000/_next/static/chunks/node_modules_next_dist_1e8vcs8._.js:776
[  872456ms] [LOG] [Fast Refresh] done in 5220ms @ http://localhost:3000/_next/static/chunks/node_modules_next_dist_1e8vcs8._.js:776
[  872507ms] [LOG] [Fast Refresh] done in 5220ms @ http://localhost:3000/_next/static/chunks/node_modules_next_dist_1e8vcs8._.js:776
[  872556ms] [LOG] [Fast Refresh] done in 5220ms @ http://localhost:3000/_next/static/chunks/node_modules_next_dist_1e8vcs8._.js:776
[  872605ms] [LOG] [Fast Refresh] done in 5220ms @ http://localhost:3000/_next/static/chunks/node_modules_next_dist_1e8vcs8._.js:776
[  872655ms] [LOG] [Fast Refresh] done in 5220ms @ http://localhost:3000/_next/static/chunks/node_modules_next_dist_1e8vcs8._.js:776
[  872706ms] [LOG] [Fast Refresh] done in 5220ms @ http://localhost:3000/_next/static/chunks/node_modules_next_dist_1e8vcs8._.js:776
[  872756ms] [LOG] [Fast Refresh] done in 5220ms @ http://localhost:3000/_next/static/chunks/node_modules_next_dist_1e8vcs8._.js:776
[  872806ms] [LOG] [Fast Refresh] done in 5220ms @ http://localhost:3000/_next/static/chunks/node_modules_next_dist_1e8vcs8._.js:776
[  872856ms] [LOG] [Fast Refresh] done in 5220ms @ http://localhost:3000/_next/static/chunks/node_modules_next_dist_1e8vcs8._.js:776
[  872907ms] [LOG] [Fast Refresh] done in 5220ms @ http://localhost:3000/_next/static/chunks/node_modules_next_dist_1e8vcs8._.js:776
[  872955ms] [LOG] [Fast Refresh] done in 5220ms @ http://localhost:3000/_next/static/chunks/node_modules_next_dist_1e8vcs8._.js:776
[  873006ms] [LOG] [Fast Refresh] done in 5220ms @ http://localhost:3000/_next/static/chunks/node_modules_next_dist_1e8vcs8._.js:776
[  873055ms] [LOG] [Fast Refresh] done in 5220ms @ http://localhost:3000/_next/static/chunks/node_modules_next_dist_1e8vcs8._.js:776
[  873110ms] [LOG] [Fast Refresh] done in 5220ms @ http://localhost:3000/_next/static/chunks/node_modules_next_dist_1e8vcs8._.js:776
[  873156ms] [LOG] [Fast Refresh] done in 5220ms @ http://localhost:3000/_next/static/chunks/node_modules_next_dist_1e8vcs8._.js:776
[  873205ms] [LOG] [Fast Refresh] done in 5220ms @ http://localhost:3000/_next/static/chunks/node_modules_next_dist_1e8vcs8._.js:776
[  873255ms] [LOG] [Fast Refresh] done in 5220ms @ http://localhost:3000/_next/static/chunks/node_modules_next_dist_1e8vcs8._.js:776
[  873306ms] [LOG] [Fast Refresh] done in 5220ms @ http://localhost:3000/_next/static/chunks/node_modules_next_dist_1e8vcs8._.js:776
[  873357ms] [LOG] [Fast Refresh] done in 5220ms @ http://localhost:3000/_next/static/chunks/node_modules_next_dist_1e8vcs8._.js:776
[  873405ms] [LOG] [Fast Refresh] done in 5220ms @ http://localhost:3000/_next/static/chunks/node_modules_next_dist_1e8vcs8._.js:776
[  873455ms] [LOG] [Fast Refresh] done in 5220ms @ http://localhost:3000/_next/static/chunks/node_modules_next_dist_1e8vcs8._.js:776
[  873505ms] [LOG] [Fast Refresh] done in 5220ms @ http://localhost:3000/_next/static/chunks/node_modules_next_dist_1e8vcs8._.js:776
[  873557ms] [LOG] [Fast Refresh] done in 5220ms @ http://localhost:3000/_next/static/chunks/node_modules_next_dist_1e8vcs8._.js:776
[  873606ms] [LOG] [Fast Refresh] done in 5220ms @ http://localhost:3000/_next/static/chunks/node_modules_next_dist_1e8vcs8._.js:776
[  873656ms] [LOG] [Fast Refresh] done in 5220ms @ http://localhost:3000/_next/static/chunks/node_modules_next_dist_1e8vcs8._.js:776
[  873706ms] [LOG] [Fast Refresh] done in 5220ms @ http://localhost:3000/_next/static/chunks/node_modules_next_dist_1e8vcs8._.js:776
[  873756ms] [LOG] [Fast Refresh] done in 5220ms @ http://localhost:3000/_next/static/chunks/node_modules_next_dist_1e8vcs8._.js:776
[  873806ms] [LOG] [Fast Refresh] done in 5220ms @ http://localhost:3000/_next/static/chunks/node_modules_next_dist_1e8vcs8._.js:776
[  873855ms] [LOG] [Fast Refresh] done in 5220ms @ http://localhost:3000/_next/static/chunks/node_modules_next_dist_1e8vcs8._.js:776
[  873906ms] [LOG] [Fast Refresh] done in 5220ms @ http://localhost:3000/_next/static/chunks/node_modules_next_dist_1e8vcs8._.js:776
[  873958ms] [LOG] [Fast Refresh] done in 5220ms @ http://localhost:3000/_next/static/chunks/node_modules_next_dist_1e8vcs8._.js:776
[  874006ms] [LOG] [Fast Refresh] done in 5220ms @ http://localhost:3000/_next/static/chunks/node_modules_next_dist_1e8vcs8._.js:776
[  874057ms] [LOG] [Fast Refresh] done in 5220ms @ http://localhost:3000/_next/static/chunks/node_modules_next_dist_1e8vcs8._.js:776
[  874106ms] [LOG] [Fast Refresh] done in 5220ms @ http://localhost:3000/_next/static/chunks/node_modules_next_dist_1e8vcs8._.js:776
[  874155ms] [LOG] [Fast Refresh] done in 5220ms @ http://localhost:3000/_next/static/chunks/node_modules_next_dist_1e8vcs8._.js:776
[  874207ms] [LOG] [Fast Refresh] done in 5220ms @ http://localhost:3000/_next/static/chunks/node_modules_next_dist_1e8vcs8._.js:776
[  874256ms] [LOG] [Fast Refresh] done in 5220ms @ http://localhost:3000/_next/static/chunks/node_modules_next_dist_1e8vcs8._.js:776
[  874305ms] [LOG] [Fast Refresh] done in 5220ms @ http://localhost:3000/_next/static/chunks/node_modules_next_dist_1e8vcs8._.js:776
[  874356ms] [LOG] [Fast Refresh] done in 5220ms @ http://localhost:3000/_next/static/chunks/node_modules_next_dist_1e8vcs8._.js:776
[  874406ms] [LOG] [Fast Refresh] done in 5220ms @ http://localhost:3000/_next/static/chunks/node_modules_next_dist_1e8vcs8._.js:776
[  874455ms] [LOG] [Fast Refresh] done in 5220ms @ http://localhost:3000/_next/static/chunks/node_modules_next_dist_1e8vcs8._.js:776
[  874507ms] [LOG] [Fast Refresh] done in 5220ms @ http://localhost:3000/_next/static/chunks/node_modules_next_dist_1e8vcs8._.js:776
[  874556ms] [LOG] [Fast Refresh] done in 5220ms @ http://localhost:3000/_next/static/chunks/node_modules_next_dist_1e8vcs8._.js:776
[  874606ms] [LOG] [Fast Refresh] done in 5220ms @ http://localhost:3000/_next/static/chunks/node_modules_next_dist_1e8vcs8._.js:776
[  874656ms] [LOG] [Fast Refresh] done in 5220ms @ http://localhost:3000/_next/static/chunks/node_modules_next_dist_1e8vcs8._.js:776
[  874705ms] [LOG] [Fast Refresh] done in 5220ms @ http://localhost:3000/_next/static/chunks/node_modules_next_dist_1e8vcs8._.js:776
[  874756ms] [LOG] [Fast Refresh] done in 5220ms @ http://localhost:3000/_next/static/chunks/node_modules_next_dist_1e8vcs8._.js:776
[  874806ms] [LOG] [Fast Refresh] done in 5220ms @ http://localhost:3000/_next/static/chunks/node_modules_next_dist_1e8vcs8._.js:776
[  874855ms] [LOG] [Fast Refresh] done in 5220ms @ http://localhost:3000/_next/static/chunks/node_modules_next_dist_1e8vcs8._.js:776
[  874906ms] [LOG] [Fast Refresh] done in 5220ms @ http://localhost:3000/_next/static/chunks/node_modules_next_dist_1e8vcs8._.js:776
[  874956ms] [LOG] [Fast Refresh] done in 5220ms @ http://localhost:3000/_next/static/chunks/node_modules_next_dist_1e8vcs8._.js:776
[  875005ms] [LOG] [Fast Refresh] done in 5220ms @ http://localhost:3000/_next/static/chunks/node_modules_next_dist_1e8vcs8._.js:776
[  875056ms] [LOG] [Fast Refresh] done in 5220ms @ http://localhost:3000/_next/static/chunks/node_modules_next_dist_1e8vcs8._.js:776
[  875106ms] [LOG] [Fast Refresh] done in 5220ms @ http://localhost:3000/_next/static/chunks/node_modules_next_dist_1e8vcs8._.js:776
[  875154ms] [LOG] [Fast Refresh] done in 5220ms @ http://localhost:3000/_next/static/chunks/node_modules_next_dist_1e8vcs8._.js:776
[  875205ms] [LOG] [Fast Refresh] done in 5220ms @ http://localhost:3000/_next/static/chunks/node_modules_next_dist_1e8vcs8._.js:776
[  875256ms] [LOG] [Fast Refresh] done in 5220ms @ http://localhost:3000/_next/static/chunks/node_modules_next_dist_1e8vcs8._.js:776
[  875305ms] [LOG] [Fast Refresh] done in 5220ms @ http://localhost:3000/_next/static/chunks/node_modules_next_dist_1e8vcs8._.js:776
[  875355ms] [LOG] [Fast Refresh] done in 5220ms @ http://localhost:3000/_next/static/chunks/node_modules_next_dist_1e8vcs8._.js:776
[  875405ms] [LOG] [Fast Refresh] done in 5220ms @ http://localhost:3000/_next/static/chunks/node_modules_next_dist_1e8vcs8._.js:776
[  875455ms] [LOG] [Fast Refresh] done in 5220ms @ http://localhost:3000/_next/static/chunks/node_modules_next_dist_1e8vcs8._.js:776
[  875505ms] [LOG] [Fast Refresh] done in 5220ms @ http://localhost:3000/_next/static/chunks/node_modules_next_dist_1e8vcs8._.js:776
[  875556ms] [LOG] [Fast Refresh] done in 5220ms @ http://localhost:3000/_next/static/chunks/node_modules_next_dist_1e8vcs8._.js:776
[  875607ms] [LOG] [Fast Refresh] done in 5220ms @ http://localhost:3000/_next/static/chunks/node_modules_next_dist_1e8vcs8._.js:776
[  875656ms] [LOG] [Fast Refresh] done in 5220ms @ http://localhost:3000/_next/static/chunks/node_modules_next_dist_1e8vcs8._.js:776
[  875705ms] [LOG] [Fast Refresh] done in 5220ms @ http://localhost:3000/_next/static/chunks/node_modules_next_dist_1e8vcs8._.js:776
[  875757ms] [LOG] [Fast Refresh] done in 5220ms @ http://localhost:3000/_next/static/chunks/node_modules_next_dist_1e8vcs8._.js:776
[  875806ms] [LOG] [Fast Refresh] done in 5220ms @ http://localhost:3000/_next/static/chunks/node_modules_next_dist_1e8vcs8._.js:776
[  875855ms] [LOG] [Fast Refresh] done in 5220ms @ http://localhost:3000/_next/static/chunks/node_modules_next_dist_1e8vcs8._.js:776
[  875906ms] [LOG] [Fast Refresh] done in 5220ms @ http://localhost:3000/_next/static/chunks/node_modules_next_dist_1e8vcs8._.js:776
[  875955ms] [LOG] [Fast Refresh] done in 5220ms @ http://localhost:3000/_next/static/chunks/node_modules_next_dist_1e8vcs8._.js:776
[  876005ms] [LOG] [Fast Refresh] done in 5220ms @ http://localhost:3000/_next/static/chunks/node_modules_next_dist_1e8vcs8._.js:776
[  876055ms] [LOG] [Fast Refresh] done in 5220ms @ http://localhost:3000/_next/static/chunks/node_modules_next_dist_1e8vcs8._.js:776
[  876130ms] [LOG] [Fast Refresh] done in 5220ms @ http://localhost:3000/_next/static/chunks/node_modules_next_dist_1e8vcs8._.js:776
[  876172ms] [LOG] [Fast Refresh] done in 5220ms @ http://localhost:3000/_next/static/chunks/node_modules_next_dist_1e8vcs8._.js:776
[  876221ms] [LOG] [Fast Refresh] done in 5220ms @ http://localhost:3000/_next/static/chunks/node_modules_next_dist_1e8vcs8._.js:776
[  876272ms] [LOG] [Fast Refresh] done in 5220ms @ http://localhost:3000/_next/static/chunks/node_modules_next_dist_1e8vcs8._.js:776
[  876322ms] [LOG] [Fast Refresh] done in 5220ms @ http://localhost:3000/_next/static/chunks/node_modules_next_dist_1e8vcs8._.js:776
[  876372ms] [LOG] [Fast Refresh] done in 5220ms @ http://localhost:3000/_next/static/chunks/node_modules_next_dist_1e8vcs8._.js:776
[  876423ms] [LOG] [Fast Refresh] done in 5220ms @ http://localhost:3000/_next/static/chunks/node_modules_next_dist_1e8vcs8._.js:776
[  876472ms] [LOG] [Fast Refresh] done in 5220ms @ http://localhost:3000/_next/static/chunks/node_modules_next_dist_1e8vcs8._.js:776
[  876523ms] [LOG] [Fast Refresh] done in 5220ms @ http://localhost:3000/_next/static/chunks/node_modules_next_dist_1e8vcs8._.js:776
[  876573ms] [LOG] [Fast Refresh] done in 5220ms @ http://localhost:3000/_next/static/chunks/node_modules_next_dist_1e8vcs8._.js:776
[  876622ms] [LOG] [Fast Refresh] done in 5220ms @ http://localhost:3000/_next/static/chunks/node_modules_next_dist_1e8vcs8._.js:776
[  876673ms] [LOG] [Fast Refresh] done in 5220ms @ http://localhost:3000/_next/static/chunks/node_modules_next_dist_1e8vcs8._.js:776
[  876728ms] [LOG] [Fast Refresh] done in 5220ms @ http://localhost:3000/_next/static/chunks/node_modules_next_dist_1e8vcs8._.js:776
[  876774ms] [LOG] [Fast Refresh] done in 5220ms @ http://localhost:3000/_next/static/chunks/node_modules_next_dist_1e8vcs8._.js:776
[  876822ms] [LOG] [Fast Refresh] done in 5220ms @ http://localhost:3000/_next/static/chunks/node_modules_next_dist_1e8vcs8._.js:776
[  876873ms] [LOG] [Fast Refresh] done in 5220ms @ http://localhost:3000/_next/static/chunks/node_modules_next_dist_1e8vcs8._.js:776
[  876922ms] [LOG] [Fast Refresh] done in 5220ms @ http://localhost:3000/_next/static/chunks/node_modules_next_dist_1e8vcs8._.js:776
[  876973ms] [LOG] [Fast Refresh] done in 5220ms @ http://localhost:3000/_next/static/chunks/node_modules_next_dist_1e8vcs8._.js:776
[  877023ms] [LOG] [Fast Refresh] done in 5220ms @ http://localhost:3000/_next/static/chunks/node_modules_next_dist_1e8vcs8._.js:776
[  877073ms] [LOG] [Fast Refresh] done in 5220ms @ http://localhost:3000/_next/static/chunks/node_modules_next_dist_1e8vcs8._.js:776
[  877122ms] [LOG] [Fast Refresh] done in 5220ms @ http://localhost:3000/_next/static/chunks/node_modules_next_dist_1e8vcs8._.js:776
[  877171ms] [LOG] [Fast Refresh] done in 5220ms @ http://localhost:3000/_next/static/chunks/node_modules_next_dist_1e8vcs8._.js:776
[  877222ms] [LOG] [Fast Refresh] done in 5220ms @ http://localhost:3000/_next/static/chunks/node_modules_next_dist_1e8vcs8._.js:776
[  877272ms] [LOG] [Fast Refresh] done in 5220ms @ http://localhost:3000/_next/static/chunks/node_modules_next_dist_1e8vcs8._.js:776
[  877323ms] [LOG] [Fast Refresh] done in 5220ms @ http://localhost:3000/_next/static/chunks/node_modules_next_dist_1e8vcs8._.js:776
[  877372ms] [LOG] [Fast Refresh] done in 5220ms @ http://localhost:3000/_next/static/chunks/node_modules_next_dist_1e8vcs8._.js:776
[  877424ms] [LOG] [Fast Refresh] done in 5220ms @ http://localhost:3000/_next/static/chunks/node_modules_next_dist_1e8vcs8._.js:776
[  877472ms] [LOG] [Fast Refresh] done in 5220ms @ http://localhost:3000/_next/static/chunks/node_modules_next_dist_1e8vcs8._.js:776
[  877523ms] [LOG] [Fast Refresh] done in 5220ms @ http://localhost:3000/_next/static/chunks/node_modules_next_dist_1e8vcs8._.js:776
[  877574ms] [LOG] [Fast Refresh] done in 5220ms @ http://localhost:3000/_next/static/chunks/node_modules_next_dist_1e8vcs8._.js:776
[  877622ms] [LOG] [Fast Refresh] done in 5220ms @ http://localhost:3000/_next/static/chunks/node_modules_next_dist_1e8vcs8._.js:776
[  877674ms] [LOG] [Fast Refresh] done in 5220ms @ http://localhost:3000/_next/static/chunks/node_modules_next_dist_1e8vcs8._.js:776
[  877737ms] [LOG] [Fast Refresh] done in 5220ms @ http://localhost:3000/_next/static/chunks/node_modules_next_dist_1e8vcs8._.js:776
[  877789ms] [LOG] [Fast Refresh] done in 5220ms @ http://localhost:3000/_next/static/chunks/node_modules_next_dist_1e8vcs8._.js:776
[  877839ms] [LOG] [Fast Refresh] done in 5220ms @ http://localhost:3000/_next/static/chunks/node_modules_next_dist_1e8vcs8._.js:776
[  877889ms] [LOG] [Fast Refresh] done in 5220ms @ http://localhost:3000/_next/static/chunks/node_modules_next_dist_1e8vcs8._.js:776
[  877939ms] [LOG] [Fast Refresh] done in 5220ms @ http://localhost:3000/_next/static/chunks/node_modules_next_dist_1e8vcs8._.js:776
[  877987ms] [LOG] [Fast Refresh] done in 5220ms @ http://localhost:3000/_next/static/chunks/node_modules_next_dist_1e8vcs8._.js:776
[  878038ms] [LOG] [Fast Refresh] done in 5220ms @ http://localhost:3000/_next/static/chunks/node_modules_next_dist_1e8vcs8._.js:776
[  878089ms] [LOG] [Fast Refresh] done in 5220ms @ http://localhost:3000/_next/static/chunks/node_modules_next_dist_1e8vcs8._.js:776
[  878139ms] [LOG] [Fast Refresh] done in 5220ms @ http://localhost:3000/_next/static/chunks/node_modules_next_dist_1e8vcs8._.js:776
[  878187ms] [LOG] [Fast Refresh] done in 5220ms @ http://localhost:3000/_next/static/chunks/node_modules_next_dist_1e8vcs8._.js:776
[  878239ms] [LOG] [Fast Refresh] done in 5220ms @ http://localhost:3000/_next/static/chunks/node_modules_next_dist_1e8vcs8._.js:776
[  878290ms] [LOG] [Fast Refresh] done in 5220ms @ http://localhost:3000/_next/static/chunks/node_modules_next_dist_1e8vcs8._.js:776
[  878340ms] [LOG] [Fast Refresh] done in 5220ms @ http://localhost:3000/_next/static/chunks/node_modules_next_dist_1e8vcs8._.js:776
[  878390ms] [LOG] [Fast Refresh] done in 5220ms @ http://localhost:3000/_next/static/chunks/node_modules_next_dist_1e8vcs8._.js:776
[  878439ms] [LOG] [Fast Refresh] done in 5220ms @ http://localhost:3000/_next/static/chunks/node_modules_next_dist_1e8vcs8._.js:776
[  878489ms] [LOG] [Fast Refresh] done in 5220ms @ http://localhost:3000/_next/static/chunks/node_modules_next_dist_1e8vcs8._.js:776
[  878539ms] [LOG] [Fast Refresh] done in 5220ms @ http://localhost:3000/_next/static/chunks/node_modules_next_dist_1e8vcs8._.js:776
[  878589ms] [LOG] [Fast Refresh] done in 5220ms @ http://localhost:3000/_next/static/chunks/node_modules_next_dist_1e8vcs8._.js:776
[  878639ms] [LOG] [Fast Refresh] done in 5220ms @ http://localhost:3000/_next/static/chunks/node_modules_next_dist_1e8vcs8._.js:776
[  878688ms] [LOG] [Fast Refresh] done in 5220ms @ http://localhost:3000/_next/static/chunks/node_modules_next_dist_1e8vcs8._.js:776
[  878740ms] [LOG] [Fast Refresh] done in 5220ms @ http://localhost:3000/_next/static/chunks/node_modules_next_dist_1e8vcs8._.js:776
[  878790ms] [LOG] [Fast Refresh] done in 5220ms @ http://localhost:3000/_next/static/chunks/node_modules_next_dist_1e8vcs8._.js:776
[  878840ms] [LOG] [Fast Refresh] done in 5220ms @ http://localhost:3000/_next/static/chunks/node_modules_next_dist_1e8vcs8._.js:776
[  878889ms] [LOG] [Fast Refresh] done in 5220ms @ http://localhost:3000/_next/static/chunks/node_modules_next_dist_1e8vcs8._.js:776
[  878939ms] [LOG] [Fast Refresh] done in 5220ms @ http://localhost:3000/_next/static/chunks/node_modules_next_dist_1e8vcs8._.js:776
[  878989ms] [LOG] [Fast Refresh] done in 5220ms @ http://localhost:3000/_next/static/chunks/node_modules_next_dist_1e8vcs8._.js:776
[  879039ms] [LOG] [Fast Refresh] done in 5220ms @ http://localhost:3000/_next/static/chunks/node_modules_next_dist_1e8vcs8._.js:776
[  879089ms] [LOG] [Fast Refresh] done in 5220ms @ http://localhost:3000/_next/static/chunks/node_modules_next_dist_1e8vcs8._.js:776
[  879140ms] [LOG] [Fast Refresh] done in 5220ms @ http://localhost:3000/_next/static/chunks/node_modules_next_dist_1e8vcs8._.js:776
[  879189ms] [LOG] [Fast Refresh] done in 5220ms @ http://localhost:3000/_next/static/chunks/node_modules_next_dist_1e8vcs8._.js:776
[  879239ms] [LOG] [Fast Refresh] done in 5220ms @ http://localhost:3000/_next/static/chunks/node_modules_next_dist_1e8vcs8._.js:776
[  879325ms] [LOG] [Fast Refresh] done in 5220ms @ http://localhost:3000/_next/static/chunks/node_modules_next_dist_1e8vcs8._.js:776
[  879371ms] [LOG] [Fast Refresh] done in 5220ms @ http://localhost:3000/_next/static/chunks/node_modules_next_dist_1e8vcs8._.js:776
[  879423ms] [LOG] [Fast Refresh] done in 5220ms @ http://localhost:3000/_next/static/chunks/node_modules_next_dist_1e8vcs8._.js:776
[  879471ms] [LOG] [Fast Refresh] done in 5220ms @ http://localhost:3000/_next/static/chunks/node_modules_next_dist_1e8vcs8._.js:776
[  879522ms] [LOG] [Fast Refresh] done in 5220ms @ http://localhost:3000/_next/static/chunks/node_modules_next_dist_1e8vcs8._.js:776
[  879572ms] [LOG] [Fast Refresh] done in 5220ms @ http://localhost:3000/_next/static/chunks/node_modules_next_dist_1e8vcs8._.js:776
[  879623ms] [LOG] [Fast Refresh] done in 5220ms @ http://localhost:3000/_next/static/chunks/node_modules_next_dist_1e8vcs8._.js:776
[  879672ms] [LOG] [Fast Refresh] done in 5220ms @ http://localhost:3000/_next/static/chunks/node_modules_next_dist_1e8vcs8._.js:776
[  879723ms] [LOG] [Fast Refresh] done in 5220ms @ http://localhost:3000/_next/static/chunks/node_modules_next_dist_1e8vcs8._.js:776
[  879777ms] [LOG] [Fast Refresh] done in 5220ms @ http://localhost:3000/_next/static/chunks/node_modules_next_dist_1e8vcs8._.js:776
[  879815ms] [LOG] [Fast Refresh] done in 5220ms @ http://localhost:3000/_next/static/chunks/node_modules_next_dist_1e8vcs8._.js:776
[  879860ms] [LOG] [Fast Refresh] done in 5220ms @ http://localhost:3000/_next/static/chunks/node_modules_next_dist_1e8vcs8._.js:776
[  879910ms] [LOG] [Fast Refresh] done in 5220ms @ http://localhost:3000/_next/static/chunks/node_modules_next_dist_1e8vcs8._.js:776
[  879958ms] [LOG] [Fast Refresh] done in 5220ms @ http://localhost:3000/_next/static/chunks/node_modules_next_dist_1e8vcs8._.js:776
[  880008ms] [LOG] [Fast Refresh] done in 5220ms @ http://localhost:3000/_next/static/chunks/node_modules_next_dist_1e8vcs8._.js:776
[  880059ms] [LOG] [Fast Refresh] done in 5220ms @ http://localhost:3000/_next/static/chunks/node_modules_next_dist_1e8vcs8._.js:776
[  880106ms] [LOG] [Fast Refresh] done in 5220ms @ http://localhost:3000/_next/static/chunks/node_modules_next_dist_1e8vcs8._.js:776
[  880142ms] [LOG] [Fast Refresh] done in 5220ms @ http://localhost:3000/_next/static/chunks/node_modules_next_dist_1e8vcs8._.js:776
[  880195ms] [LOG] [Fast Refresh] done in 5220ms @ http://localhost:3000/_next/static/chunks/node_modules_next_dist_1e8vcs8._.js:776
[  880242ms] [LOG] [Fast Refresh] done in 5220ms @ http://localhost:3000/_next/static/chunks/node_modules_next_dist_1e8vcs8._.js:776
[  880292ms] [LOG] [Fast Refresh] done in 5220ms @ http://localhost:3000/_next/static/chunks/node_modules_next_dist_1e8vcs8._.js:776
[  880340ms] [LOG] [Fast Refresh] done in 5220ms @ http://localhost:3000/_next/static/chunks/node_modules_next_dist_1e8vcs8._.js:776
[  880392ms] [LOG] [Fast Refresh] done in 5220ms @ http://localhost:3000/_next/static/chunks/node_modules_next_dist_1e8vcs8._.js:776
[  880441ms] [LOG] [Fast Refresh] done in 5220ms @ http://localhost:3000/_next/static/chunks/node_modules_next_dist_1e8vcs8._.js:776
[  880490ms] [LOG] [Fast Refresh] done in 5220ms @ http://localhost:3000/_next/static/chunks/node_modules_next_dist_1e8vcs8._.js:776
[  880540ms] [LOG] [Fast Refresh] done in 5220ms @ http://localhost:3000/_next/static/chunks/node_modules_next_dist_1e8vcs8._.js:776
[  880592ms] [LOG] [Fast Refresh] done in 5220ms @ http://localhost:3000/_next/static/chunks/node_modules_next_dist_1e8vcs8._.js:776
[  880640ms] [LOG] [Fast Refresh] done in 5220ms @ http://localhost:3000/_next/static/chunks/node_modules_next_dist_1e8vcs8._.js:776
[  880691ms] [LOG] [Fast Refresh] done in 5220ms @ http://localhost:3000/_next/static/chunks/node_modules_next_dist_1e8vcs8._.js:776
[  880739ms] [LOG] [Fast Refresh] done in 5220ms @ http://localhost:3000/_next/static/chunks/node_modules_next_dist_1e8vcs8._.js:776
[  880791ms] [LOG] [Fast Refresh] done in 5220ms @ http://localhost:3000/_next/static/chunks/node_modules_next_dist_1e8vcs8._.js:776
[  880840ms] [LOG] [Fast Refresh] done in 5220ms @ http://localhost:3000/_next/static/chunks/node_modules_next_dist_1e8vcs8._.js:776
[  880890ms] [LOG] [Fast Refresh] done in 5220ms @ http://localhost:3000/_next/static/chunks/node_modules_next_dist_1e8vcs8._.js:776
[  880940ms] [LOG] [Fast Refresh] done in 5220ms @ http://localhost:3000/_next/static/chunks/node_modules_next_dist_1e8vcs8._.js:776
[  880989ms] [LOG] [Fast Refresh] done in 5220ms @ http://localhost:3000/_next/static/chunks/node_modules_next_dist_1e8vcs8._.js:776
[  881039ms] [LOG] [Fast Refresh] done in 5220ms @ http://localhost:3000/_next/static/chunks/node_modules_next_dist_1e8vcs8._.js:776
[  881090ms] [LOG] [Fast Refresh] done in 5220ms @ http://localhost:3000/_next/static/chunks/node_modules_next_dist_1e8vcs8._.js:776
[  881139ms] [LOG] [Fast Refresh] done in 5220ms @ http://localhost:3000/_next/static/chunks/node_modules_next_dist_1e8vcs8._.js:776
[  881193ms] [LOG] [Fast Refresh] done in 5220ms @ http://localhost:3000/_next/static/chunks/node_modules_next_dist_1e8vcs8._.js:776
[  881241ms] [LOG] [Fast Refresh] done in 5220ms @ http://localhost:3000/_next/static/chunks/node_modules_next_dist_1e8vcs8._.js:776
[  881292ms] [LOG] [Fast Refresh] done in 5220ms @ http://localhost:3000/_next/static/chunks/node_modules_next_dist_1e8vcs8._.js:776
[  881339ms] [LOG] [Fast Refresh] done in 5220ms @ http://localhost:3000/_next/static/chunks/node_modules_next_dist_1e8vcs8._.js:776
[  881392ms] [LOG] [Fast Refresh] done in 5220ms @ http://localhost:3000/_next/static/chunks/node_modules_next_dist_1e8vcs8._.js:776
[  881440ms] [LOG] [Fast Refresh] done in 5220ms @ http://localhost:3000/_next/static/chunks/node_modules_next_dist_1e8vcs8._.js:776
[  881490ms] [LOG] [Fast Refresh] done in 5220ms @ http://localhost:3000/_next/static/chunks/node_modules_next_dist_1e8vcs8._.js:776
[  881541ms] [LOG] [Fast Refresh] done in 5220ms @ http://localhost:3000/_next/static/chunks/node_modules_next_dist_1e8vcs8._.js:776
[  881589ms] [LOG] [Fast Refresh] done in 5220ms @ http://localhost:3000/_next/static/chunks/node_modules_next_dist_1e8vcs8._.js:776
[  881642ms] [LOG] [Fast Refresh] done in 5220ms @ http://localhost:3000/_next/static/chunks/node_modules_next_dist_1e8vcs8._.js:776
[  881690ms] [LOG] [Fast Refresh] done in 5220ms @ http://localhost:3000/_next/static/chunks/node_modules_next_dist_1e8vcs8._.js:776
[  881740ms] [LOG] [Fast Refresh] done in 5220ms @ http://localhost:3000/_next/static/chunks/node_modules_next_dist_1e8vcs8._.js:776
[  881777ms] [LOG] [Fast Refresh] done in 5220ms @ http://localhost:3000/_next/static/chunks/node_modules_next_dist_1e8vcs8._.js:776
[  881826ms] [LOG] [Fast Refresh] done in 5220ms @ http://localhost:3000/_next/static/chunks/node_modules_next_dist_1e8vcs8._.js:776
[  881876ms] [LOG] [Fast Refresh] done in 5220ms @ http://localhost:3000/_next/static/chunks/node_modules_next_dist_1e8vcs8._.js:776
[  881924ms] [LOG] [Fast Refresh] done in 5220ms @ http://localhost:3000/_next/static/chunks/node_modules_next_dist_1e8vcs8._.js:776
[  881977ms] [LOG] [Fast Refresh] done in 5220ms @ http://localhost:3000/_next/static/chunks/node_modules_next_dist_1e8vcs8._.js:776
[  882039ms] [LOG] [Fast Refresh] done in 5220ms @ http://localhost:3000/_next/static/chunks/node_modules_next_dist_1e8vcs8._.js:776
[  882092ms] [LOG] [Fast Refresh] done in 5220ms @ http://localhost:3000/_next/static/chunks/node_modules_next_dist_1e8vcs8._.js:776
[  882139ms] [LOG] [Fast Refresh] done in 5220ms @ http://localhost:3000/_next/static/chunks/node_modules_next_dist_1e8vcs8._.js:776
[  882190ms] [LOG] [Fast Refresh] done in 5220ms @ http://localhost:3000/_next/static/chunks/node_modules_next_dist_1e8vcs8._.js:776
[  882241ms] [LOG] [Fast Refresh] done in 5220ms @ http://localhost:3000/_next/static/chunks/node_modules_next_dist_1e8vcs8._.js:776
[  882295ms] [LOG] [Fast Refresh] done in 5220ms @ http://localhost:3000/_next/static/chunks/node_modules_next_dist_1e8vcs8._.js:776
[  882357ms] [LOG] [Fast Refresh] done in 5220ms @ http://localhost:3000/_next/static/chunks/node_modules_next_dist_1e8vcs8._.js:776
[  882396ms] [LOG] [Fast Refresh] done in 5220ms @ http://localhost:3000/_next/static/chunks/node_modules_next_dist_1e8vcs8._.js:776
[  882456ms] [LOG] [Fast Refresh] done in 5220ms @ http://localhost:3000/_next/static/chunks/node_modules_next_dist_1e8vcs8._.js:776
[  882506ms] [LOG] [Fast Refresh] done in 5220ms @ http://localhost:3000/_next/static/chunks/node_modules_next_dist_1e8vcs8._.js:776
[  882561ms] [LOG] [Fast Refresh] done in 5220ms @ http://localhost:3000/_next/static/chunks/node_modules_next_dist_1e8vcs8._.js:776
[  882606ms] [LOG] [Fast Refresh] done in 5220ms @ http://localhost:3000/_next/static/chunks/node_modules_next_dist_1e8vcs8._.js:776
[  882657ms] [LOG] [Fast Refresh] done in 5220ms @ http://localhost:3000/_next/static/chunks/node_modules_next_dist_1e8vcs8._.js:776
[  882707ms] [LOG] [Fast Refresh] done in 5220ms @ http://localhost:3000/_next/static/chunks/node_modules_next_dist_1e8vcs8._.js:776
[  882757ms] [LOG] [Fast Refresh] done in 5220ms @ http://localhost:3000/_next/static/chunks/node_modules_next_dist_1e8vcs8._.js:776
[  882836ms] [LOG] [Fast Refresh] done in 5220ms @ http://localhost:3000/_next/static/chunks/node_modules_next_dist_1e8vcs8._.js:776
[  882876ms] [LOG] [Fast Refresh] done in 5220ms @ http://localhost:3000/_next/static/chunks/node_modules_next_dist_1e8vcs8._.js:776
[  882922ms] [LOG] [Fast Refresh] done in 5220ms @ http://localhost:3000/_next/static/chunks/node_modules_next_dist_1e8vcs8._.js:776
[  882961ms] [LOG] [Fast Refresh] done in 5220ms @ http://localhost:3000/_next/static/chunks/node_modules_next_dist_1e8vcs8._.js:776
[  883006ms] [LOG] [Fast Refresh] done in 5220ms @ http://localhost:3000/_next/static/chunks/node_modules_next_dist_1e8vcs8._.js:776
[  883056ms] [LOG] [Fast Refresh] done in 5220ms @ http://localhost:3000/_next/static/chunks/node_modules_next_dist_1e8vcs8._.js:776
[  883106ms] [LOG] [Fast Refresh] done in 5220ms @ http://localhost:3000/_next/static/chunks/node_modules_next_dist_1e8vcs8._.js:776
[  883156ms] [LOG] [Fast Refresh] done in 5220ms @ http://localhost:3000/_next/static/chunks/node_modules_next_dist_1e8vcs8._.js:776
[  883206ms] [LOG] [Fast Refresh] done in 5220ms @ http://localhost:3000/_next/static/chunks/node_modules_next_dist_1e8vcs8._.js:776
[  883256ms] [LOG] [Fast Refresh] done in 5220ms @ http://localhost:3000/_next/static/chunks/node_modules_next_dist_1e8vcs8._.js:776
[  883307ms] [LOG] [Fast Refresh] done in 5220ms @ http://localhost:3000/_next/static/chunks/node_modules_next_dist_1e8vcs8._.js:776
[  883356ms] [LOG] [Fast Refresh] done in 5220ms @ http://localhost:3000/_next/static/chunks/node_modules_next_dist_1e8vcs8._.js:776
[  883406ms] [LOG] [Fast Refresh] done in 5220ms @ http://localhost:3000/_next/static/chunks/node_modules_next_dist_1e8vcs8._.js:776
[  883456ms] [LOG] [Fast Refresh] done in 5220ms @ http://localhost:3000/_next/static/chunks/node_modules_next_dist_1e8vcs8._.js:776
[  883506ms] [LOG] [Fast Refresh] done in 5220ms @ http://localhost:3000/_next/static/chunks/node_modules_next_dist_1e8vcs8._.js:776
[  883556ms] [LOG] [Fast Refresh] done in 5220ms @ http://localhost:3000/_next/static/chunks/node_modules_next_dist_1e8vcs8._.js:776
[  883607ms] [LOG] [Fast Refresh] done in 5220ms @ http://localhost:3000/_next/static/chunks/node_modules_next_dist_1e8vcs8._.js:776
[  883656ms] [LOG] [Fast Refresh] done in 5220ms @ http://localhost:3000/_next/static/chunks/node_modules_next_dist_1e8vcs8._.js:776
[  883707ms] [LOG] [Fast Refresh] done in 5220ms @ http://localhost:3000/_next/static/chunks/node_modules_next_dist_1e8vcs8._.js:776
[  883756ms] [LOG] [Fast Refresh] done in 5220ms @ http://localhost:3000/_next/static/chunks/node_modules_next_dist_1e8vcs8._.js:776
[  883807ms] [LOG] [Fast Refresh] done in 5220ms @ http://localhost:3000/_next/static/chunks/node_modules_next_dist_1e8vcs8._.js:776
[  883857ms] [LOG] [Fast Refresh] done in 5220ms @ http://localhost:3000/_next/static/chunks/node_modules_next_dist_1e8vcs8._.js:776
[  883906ms] [LOG] [Fast Refresh] done in 5220ms @ http://localhost:3000/_next/static/chunks/node_modules_next_dist_1e8vcs8._.js:776
